refcode,total_charge,multiplicity,splitting,low_spin,high_spin
train_0000_ls,2,4,-22.7727881844425,2,4
train_0001_ls,2,4,-19.3737706065458,2,4
train_0002_ls,2,4,-17.4557445389397,2,4
train_0003_ls,2,2,9.99462489139146,2,4
train_0004_ls,2,2,7.43615211184861,2,4
train_0005_ls,2,2,6.37785983207596,2,4
train_0006_ls,2,4,-6.98722524588228,2,4
train_0007_ls,2,4,-12.3373585330361,2,4
train_0008_ls,2,4,-9.89887648400357,2,4
train_0009_ls,2,2,8.35118103076511,2,4
train_0010_ls,3,1,5.72864687610421,1,5
train_0011_ls,3,1,36.2193916375537,1,5
train_0012_ls,2,5,-49.1789901331695,1,5
train_0013_ls,2,5,-51.0107057872717,1,5
train_0014_ls,2,5,-28.650884976089,1,5
train_0015_ls,2,5,-33.9340766819885,1,5
train_0016_ls,2,5,-34.3417651943318,1,5
train_0017_ls,2,5,-45.1700217381052,1,5
train_0018_ls,2,5,-34.8773799216812,1,5
train_0019_ls,2,5,-44.7812918557108,1,5
train_0020_ls,2,5,-50.6061024247329,1,5
train_0021_ls,2,5,-37.996469916167,1,5
train_0022_ls,3,4,-27.9105614724345,2,4
train_0023_ls,3,4,-27.9449528195695,2,4
train_0024_ls,3,4,-23.3659639168134,2,4
train_0025_ls,3,4,-26.543445299044,2,4
train_0026_ls,2,5,-27.8232717670586,1,5
train_0027_ls,2,5,-27.174697364923,1,5
train_0028_ls,2,1,15.1938004206967,1,5
train_0029_ls,2,5,-6.93384163418962,1,5
train_0030_ls,2,5,-3.55736407122589,1,5
train_0031_ls,2,5,-17.6697234495516,1,5
train_0032_ls,3,6,-10.1410782608011,2,6
train_0033_ls,3,2,27.4407205307173,2,6
train_0034_ls,3,2,15.1911520796411,2,6
train_0035_ls,2,6,-50.3303842376521,2,6
train_0036_ls,2,6,-34.006047939615,2,6
train_0037_ls,2,6,-17.6887706843851,2,6
train_0038_ls,2,6,-18.2099480498797,2,6
train_0039_ls,2,6,-36.2012287522572,2,6
train_0040_ls,2,6,-35.2442089080595,2,6
train_0041_ls,2,6,-46.8969055967412,2,6
train_0042_ls,3,5,-43.8795040145694,1,5
train_0043_ls,3,5,-34.8283126971221,1,5
train_0044_ls,2,4,-14.9167972818728,2,4
train_0045_ls,2,4,-21.5126085988515,2,4
train_0046_ls,2,2,4.41180908386908,2,4
train_0047_ls,2,4,-7.33969449356249,2,4
train_0048_ls,3,5,-11.16123070365,1,5
train_0049_ls,3,1,35.6539152401009,1,5
train_0050_ls,3,1,23.5278909168651,1,5
train_0051_ls,2,5,-35.9663930582019,1,5
train_0052_ls,3,4,-21.7139293886018,2,4
train_0053_ls,2,1,6.9847640910063,1,5
train_0054_ls,2,5,-23.5305979927142,1,5
train_0055_ls,2,5,-11.5625048146416,1,5
train_0056_ls,2,5,-10.2990426638286,1,5
train_0057_ls,3,6,-22.0777318966195,2,6
train_0058_ls,3,2,18.3545282407075,2,6
train_0059_ls,3,2,18.7250622312702,2,6
train_0060_ls,3,6,-1.11608176153074,2,6
train_0061_ls,2,6,-38.423457733431,2,6
train_0062_ls,3,5,-36.8148464214938,1,5
train_0063_ls,2,2,13.7018207177028,2,4
train_0064_ls,2,2,23.4976417596218,2,4
train_0065_ls,2,4,-8.72664492367863,2,4
train_0066_ls,2,2,3.78251754545203,2,4
train_0067_ls,2,4,-4.32918340505239,2,4
train_0068_ls,2,4,-5.85813125970066,2,4
train_0069_ls,2,4,-11.9627150455795,2,4
train_0070_ls,2,4,-18.3264346417472,2,4
train_0071_ls,2,4,-4.89544569516337,2,4
train_0072_ls,2,4,-16.7912342826921,2,4
train_0073_ls,2,4,-8.27852779540694,2,4
train_0074_ls,2,4,-15.6471475890084,2,4
train_0075_ls,2,2,5.66390766480179,2,4
train_0076_ls,2,2,10.0376485097068,2,4
train_0077_ls,2,2,3.13891653219889,2,4
train_0078_ls,2,2,4.70532613811202,2,4
train_0079_ls,2,4,-6.38958001504347,2,4
train_0080_ls,2,4,-10.9964341026593,2,4
train_0081_ls,2,4,-7.35159960324282,2,4
train_0082_ls,3,1,73.4152631920794,1,5
train_0083_ls,3,1,78.8776480721412,1,5
train_0084_ls,3,1,24.3094374001805,1,5
train_0085_ls,3,1,24.0872252514806,1,5
train_0086_ls,3,1,35.132821709442,1,5
train_0087_ls,3,1,41.3024501153077,1,5
train_0088_ls,3,1,29.7404015630731,1,5
train_0089_ls,3,1,30.0878716938265,1,5
train_0090_ls,3,1,19.9209739909553,1,5
train_0091_ls,3,1,35.9879783171517,1,5
train_0092_ls,3,1,21.2853182040897,1,5
train_0093_ls,3,1,4.73385541680118,1,5
train_0094_ls,3,1,2.37554586076706,1,5
train_0095_ls,3,1,46.7059932436445,1,5
train_0096_ls,3,1,43.3802590457905,1,5
train_0097_ls,3,1,8.49817819958424,1,5
train_0098_ls,2,1,4.10637185902162,1,5
train_0099_ls,2,5,-36.2664665824794,1,5
train_0100_ls,2,5,-33.777549400713,1,5
train_0101_ls,2,5,-37.8156834952495,1,5
train_0102_ls,2,5,-24.1584238567874,1,5
train_0103_ls,2,5,-53.4838274887948,1,5
train_0104_ls,2,5,-57.0384186585104,1,5
train_0105_ls,2,5,-48.8621499324621,1,5
train_0106_ls,2,5,-48.2421282152424,1,5
train_0107_ls,2,5,-45.6707719763289,1,5
train_0108_ls,2,5,-39.8129640096429,1,5
train_0109_ls,2,5,-34.0400118271941,1,5
train_0110_ls,2,5,-40.5361597046327,1,5
train_0111_ls,2,5,-48.1088719352024,1,5
train_0112_ls,3,4,-23.950353826219,2,4
train_0113_ls,3,4,-19.5939015576896,2,4
train_0114_ls,3,4,-24.3749097306958,2,4
train_0115_ls,3,4,-25.7385732843111,2,4
train_0116_ls,3,4,-23.5599581569281,2,4
train_0117_ls,3,4,-23.6891109018506,2,4
train_0118_ls,3,4,-19.5398419930345,2,4
train_0119_ls,3,4,-25.6241279809333,2,4
train_0120_ls,3,4,-23.1136127389736,2,4
train_0121_ls,2,1,43.4280418844007,1,5
train_0122_ls,2,1,63.9787327392057,1,5
train_0123_ls,2,1,62.9037714228299,1,5
train_0124_ls,2,5,-18.8870069896665,1,5
train_0125_ls,2,5,-8.93695735939377,1,5
train_0126_ls,2,1,6.74285052913001,1,5
train_0127_ls,2,5,-9.64121864657203,1,5
train_0128_ls,2,5,-3.65088770696742,1,5
train_0129_ls,2,5,-17.502958288977,1,5
train_0130_ls,2,1,7.46402664797022,1,5
train_0131_ls,2,5,-20.6356522492109,1,5
train_0132_ls,2,5,-34.5244985259853,1,5
train_0133_ls,2,5,-21.7554440975849,1,5
train_0134_ls,2,5,-17.0397163627145,1,5
train_0135_ls,2,5,-25.2701418545777,1,5
train_0136_ls,2,5,-28.181328735748,1,5
train_0137_ls,2,1,4.7031355025915,1,5
train_0138_ls,2,1,14.2893579006926,1,5
train_0139_ls,2,5,-8.5206643742601,1,5
train_0140_ls,2,5,-2.05723201644398,1,5
train_0141_ls,2,5,-41.1426383243076,1,5
train_0142_ls,2,5,-17.5067867241682,1,5
train_0143_ls,2,5,-22.056615826521,1,5
train_0144_ls,2,5,-17.547630249239,1,5
train_0145_ls,2,5,-6.10299681436612,1,5
train_0146_ls,3,2,36.5138326996414,2,6
train_0147_ls,3,2,55.3489076329313,2,6
train_0148_ls,3,6,-1.20218390508775,2,6
train_0149_ls,3,2,6.67479976227408,2,6
train_0150_ls,3,2,11.5894538362267,2,6
train_0151_ls,3,2,1.5579658381262,2,6
train_0152_ls,3,6,-2.80697330783479,2,6
train_0153_ls,3,6,-12.475546096347,2,6
train_0154_ls,3,2,5.12766436109679,2,6
train_0155_ls,3,6,-23.3506935992308,2,6
train_0156_ls,3,6,-18.9933962009479,2,6
train_0157_ls,3,2,18.4995232782556,2,6
train_0158_ls,3,2,18.549962113299,2,6
train_0159_ls,3,2,14.1779449741734,2,6
train_0160_ls,3,2,9.44366943979926,2,6
train_0161_ls,2,2,9.24838974656688,2,6
train_0162_ls,2,2,31.8204801328679,2,6
train_0163_ls,2,6,-36.7590486555726,2,6
train_0164_ls,2,6,-39.7783808332639,2,6
train_0165_ls,2,6,-23.7743170247173,2,6
train_0166_ls,2,6,-22.7182574855774,2,6
train_0167_ls,2,6,-31.1449201877115,2,6
train_0168_ls,2,6,-15.3283201909696,2,6
train_0169_ls,2,6,-37.5660675683218,2,6
train_0170_ls,2,6,-49.3813548479408,2,6
train_0171_ls,2,6,-37.4608133335365,2,6
train_0172_ls,2,6,-44.7240494374328,2,6
train_0173_ls,2,6,-24.801656459101,2,6
train_0174_ls,2,6,-19.7787935216481,2,6
train_0175_ls,2,6,-6.48922444030594,2,6
train_0176_ls,2,6,-24.9801642042661,2,6
train_0177_ls,2,6,-18.6911782885228,2,6
train_0178_ls,2,6,-24.5077249973041,2,6
train_0179_ls,2,6,-8.06503294552067,2,6
train_0180_ls,2,6,-22.2453748175946,2,6
train_0181_ls,2,6,-37.9117253885539,2,6
train_0182_ls,2,6,-44.1278331706664,2,6
train_0183_ls,2,6,-36.3829730032512,2,6
train_0184_ls,2,6,-36.6950988513294,2,6
train_0185_ls,2,6,-48.2212627722456,2,6
train_0186_ls,2,6,-41.3496928560332,2,6
train_0187_ls,3,5,-21.8281652919427,1,5
train_0188_ls,3,5,-11.5142750638162,1,5
train_0189_ls,3,5,-45.1651466796878,1,5
train_0190_ls,3,5,-45.6555777131461,1,5
train_0191_ls,3,5,-46.9313195339784,1,5
train_0192_ls,3,5,-42.518689605058,1,5
train_0193_ls,3,5,-37.9552120465352,1,5
train_0194_ls,3,5,-42.895998878092,1,5
train_0195_ls,3,5,-34.0096774542664,1,5
train_0196_ls,3,5,-46.8921380932805,1,5
train_0197_ls,3,5,-42.4636742179645,1,5
train_0198_ls,3,5,-42.1962294920748,1,5
train_0199_ls,3,5,-44.2774149885751,1,5
train_0200_ls,3,5,-40.6401661375408,1,5
train_0201_ls,2,5,-32.1802922454001,1,5
train_0202_ls,2,5,-15.3130836964036,1,5
train_0203_ls,2,5,-32.3219345623952,1,5
train_0204_ls,0,4,-24.1554727424737,2,4
train_0205_ls,3,4,-26.1159435512487,2,4
train_0206_ls,3,4,-25.0417816189134,2,4
train_0207_ls,-1,6,-34.7414043292728,2,6
train_0208_ls,2,6,-21.9596742095033,2,6
train_0209_ls,2,2,8.96350546544946,2,6
train_0210_ls,2,6,-22.2665162392786,2,6
train_0211_ls,2,2,14.7067415601654,2,6
train_0212_ls,0,5,-34.4099139155507,1,5
train_0213_ls,3,5,-32.8322865113203,1,5
train_0214_ls,3,5,-34.6734719734008,1,5
train_0215_ls,1,5,-8.95633146335185,1,5
train_0216_ls,2,5,-37.0606701202725,1,5
train_0217_ls,3,2,1.03815983114452,2,6
train_0218_ls,1,2,20.1214121885475,2,6
train_0219_ls,2,6,-20.4997186996352,2,6
train_0220_ls,1,5,-32.4539505073138,1,5
train_0221_ls,3,5,-22.1055542861567,1,5
train_0222_ls,-1,5,-40.5526345268247,1,5
train_0223_ls,2,2,7.85602064660367,2,4
train_0224_ls,2,2,0.938487042126002,2,4
train_0225_ls,2,2,11.5917285581263,2,4
train_0226_ls,2,2,3.90741929023516,2,4
train_0227_ls,2,2,3.53209878293283,2,4
train_0228_ls,2,2,1.03393424522686,2,4
train_0229_ls,2,2,0.306025075227269,2,4
train_0230_ls,2,4,-4.97252613518407,2,4
train_0231_ls,2,4,-20.2114579154932,2,4
train_0232_ls,2,4,-6.4146306947978,2,4
train_0233_ls,2,4,-9.73901016225064,2,4
train_0234_ls,2,4,-14.6287101298206,2,4
train_0235_ls,2,4,-8.90730797594021,2,4
train_0236_ls,2,4,-10.9262884583859,2,4
train_0237_ls,2,4,-18.7022397117917,2,4
train_0238_ls,2,4,-13.6660769622696,2,4
train_0239_ls,2,4,-18.4512130809386,2,4
train_0240_ls,2,2,18.7657951890711,2,4
train_0241_ls,2,2,11.0464424035542,2,4
train_0242_ls,2,2,11.1143112553685,2,4
train_0243_ls,2,2,10.5230784808795,2,4
train_0244_ls,2,2,13.9472217261184,2,4
train_0245_ls,2,2,8.26802171814194,2,4
train_0246_ls,2,2,15.4176616014822,2,4
train_0247_ls,2,2,13.8645711983035,2,4
train_0248_ls,2,2,8.54520583039651,2,4
train_0249_ls,2,2,11.1518678229828,2,4
train_0250_ls,2,4,-3.23135263118681,2,4
train_0251_ls,2,4,-0.716882698838505,2,4
train_0252_ls,2,4,-7.7068099379824,2,4
train_0253_ls,2,4,-7.12555117528097,2,4
train_0254_ls,2,4,-1.83098335015789,2,4
train_0255_ls,2,4,-11.8628342998662,2,4
train_0256_ls,2,4,-18.0594219560557,2,4
train_0257_ls,2,4,-8.83122910392827,2,4
train_0258_ls,2,4,-19.4026517930496,2,4
train_0259_ls,2,4,-13.3872611371077,2,4
train_0260_ls,2,4,-11.801766207381,2,4
train_0261_ls,2,4,-11.5099451855857,2,4
train_0262_ls,2,4,-15.3076086134379,2,4
train_0263_ls,2,4,-11.2585737382137,2,4
train_0264_ls,2,4,-11.6716884507948,2,4
train_0265_ls,2,4,-15.8038501334815,2,4
train_0266_ls,2,4,-19.7341365591749,2,4
train_0267_ls,2,4,-12.0525883957265,2,4
train_0268_ls,2,4,-13.7104596405844,2,4
train_0269_ls,3,1,55.3189641358443,1,5
train_0270_ls,3,1,39.8975027761791,1,5
train_0271_ls,3,1,27.0183294085156,1,5
train_0272_ls,3,1,67.4542777330081,1,5
train_0273_ls,3,1,73.6972754250967,1,5
train_0274_ls,3,1,64.6869480891985,1,5
train_0275_ls,3,1,38.6798897309426,1,5
train_0276_ls,3,1,22.4981782415663,1,5
train_0277_ls,3,1,29.7158250918361,1,5
train_0278_ls,3,1,41.7578285322064,1,5
train_0279_ls,3,1,20.6119418036575,1,5
train_0280_ls,3,1,22.8057392717406,1,5
train_0281_ls,3,1,19.9932938302605,1,5
train_0282_ls,3,1,28.9484946470714,1,5
train_0283_ls,3,1,24.1145494610503,1,5
train_0284_ls,3,1,14.6237527421178,1,5
train_0285_ls,3,1,14.3879235749545,1,5
train_0286_ls,3,1,26.5505480786421,1,5
train_0287_ls,3,1,5.48430924522622,1,5
train_0288_ls,3,1,13.1446610171428,1,5
train_0289_ls,2,5,-20.6272829670666,1,5
train_0290_ls,2,5,-19.6242602778844,1,5
train_0291_ls,2,5,-19.5338997921338,1,5
train_0292_ls,2,5,-20.0188370427422,1,5
train_0293_ls,2,5,-20.5744806803948,1,5
train_0294_ls,2,5,-18.4087948209458,1,5
train_0295_ls,2,5,-20.1040755451405,1,5
train_0296_ls,2,5,-22.245085912249,1,5
train_0297_ls,2,5,-22.1549185111762,1,5
train_0298_ls,2,5,-23.8489239478564,1,5
train_0299_ls,2,5,-41.2231732039045,1,5
train_0300_ls,2,5,-43.9893875751354,1,5
train_0301_ls,2,5,-53.9432089766508,1,5
train_0302_ls,2,5,-50.298255815135,1,5
train_0303_ls,2,5,-49.0653203691524,1,5
train_0304_ls,2,5,-48.4186728602981,1,5
train_0305_ls,2,5,-56.8775309397732,1,5
train_0306_ls,2,5,-52.5453410112502,1,5
train_0307_ls,2,5,-59.5519859811033,1,5
train_0308_ls,2,5,-45.4986342680079,1,5
train_0309_ls,2,5,-51.3974671727183,1,5
train_0310_ls,2,5,-35.8935772352605,1,5
train_0311_ls,2,5,-27.1771112055429,1,5
train_0312_ls,2,5,-27.8661138468626,1,5
train_0313_ls,2,5,-14.0844487609336,1,5
train_0314_ls,2,5,-21.7283260246949,1,5
train_0315_ls,2,5,-33.8219201564738,1,5
train_0316_ls,2,5,-28.1234930698239,1,5
train_0317_ls,2,5,-30.951839475873,1,5
train_0318_ls,2,5,-51.1495743867746,1,5
train_0319_ls,2,5,-55.0234107504269,1,5
train_0320_ls,2,5,-43.0957722921438,1,5
train_0321_ls,2,5,-50.9269873637703,1,5
train_0322_ls,2,5,-55.1964055114835,1,5
train_0323_ls,2,5,-36.2396758185225,1,5
train_0324_ls,2,5,-40.4709983053404,1,5
train_0325_ls,2,5,-33.8222114463445,1,5
train_0326_ls,2,5,-48.163666626994,1,5
train_0327_ls,2,5,-38.2986991236432,1,5
train_0328_ls,2,5,-40.3870714860492,1,5
train_0329_ls,2,5,-48.5263706796659,1,5
train_0330_ls,2,5,-45.9983683174638,1,5
train_0331_ls,2,5,-52.4793369920017,1,5
train_0332_ls,2,5,-49.7064850765991,1,5
train_0333_ls,2,5,-46.3637207111199,1,5
train_0334_ls,2,5,-53.2794964105569,1,5
train_0335_ls,3,4,-18.6650602146705,2,4
train_0336_ls,3,4,-12.1691858055511,2,4
train_0337_ls,3,4,-23.9760226032597,2,4
train_0338_ls,3,4,-22.7048459767903,2,4
train_0339_ls,3,4,-9.97194494204155,2,4
train_0340_ls,3,4,-22.5698071930419,2,4
train_0341_ls,3,4,-17.8670033922599,2,4
train_0342_ls,3,4,-16.7514408321131,2,4
train_0343_ls,3,4,-19.2505129996685,2,4
train_0344_ls,3,4,-24.158254554724,2,4
train_0345_ls,3,4,-25.8169150809409,2,4
train_0346_ls,3,4,-17.6060836351346,2,4
train_0347_ls,3,4,-13.2308614288141,2,4
train_0348_ls,3,4,-22.9688254699978,2,4
train_0349_ls,3,4,-23.3077428348082,2,4
train_0350_ls,3,4,-18.2139530664811,2,4
train_0351_ls,3,4,-23.4288497787235,2,4
train_0352_ls,3,4,-24.1381237370611,2,4
train_0353_ls,3,4,-23.588836142925,2,4
train_0354_ls,3,4,-23.3437249810378,2,4
train_0355_ls,3,4,-23.0037507648334,2,4
train_0356_ls,3,4,-24.6353223346202,2,4
train_0357_ls,3,4,-23.7841628993696,2,4
train_0358_ls,3,4,-23.9136993035648,2,4
train_0359_ls,3,4,-24.0981267224499,2,4
train_0360_ls,3,4,-23.5846588750825,2,4
train_0361_ls,3,4,-24.7351114639204,2,4
train_0362_ls,3,4,-24.6601141043923,2,4
train_0363_ls,3,4,-25.8951258539652,2,4
train_0364_ls,3,4,-26.4863008349863,2,4
train_0365_ls,3,4,-25.4700619803767,2,4
train_0366_ls,3,4,-26.128328391985,2,4
train_0367_ls,3,4,-24.4171627046862,2,4
train_0368_ls,3,4,-25.6613377867412,2,4
train_0369_ls,3,4,-25.3948048947417,2,4
train_0370_ls,3,4,-25.7825952701282,2,4
train_0371_ls,3,4,-25.5046775366441,2,4
train_0372_ls,3,4,-26.6337764172195,2,4
train_0373_ls,3,4,-20.8778842720589,2,4
train_0374_ls,3,4,-28.1577965027127,2,4
train_0375_ls,3,4,-23.6768623561432,2,4
train_0376_ls,3,4,-24.9546358014507,2,4
train_0377_ls,3,4,-22.8947817993556,2,4
train_0378_ls,3,4,-25.0415312426416,2,4
train_0379_ls,3,4,-25.0621554710079,2,4
train_0380_ls,2,1,15.4720356111194,1,5
train_0381_ls,2,1,34.984404737407,1,5
train_0382_ls,2,1,2.76153315055181,1,5
train_0383_ls,2,1,18.628647283177,1,5
train_0384_ls,2,1,35.3124954302855,1,5
train_0385_ls,2,1,10.4995838985852,1,5
train_0386_ls,2,1,25.0147737366204,1,5
train_0387_ls,2,1,16.1272824471124,1,5
train_0388_ls,2,1,16.518154772581,1,5
train_0389_ls,2,1,17.1414023275819,1,5
train_0390_ls,2,1,7.45235095563876,1,5
train_0391_ls,2,5,-0.976039656386756,1,5
train_0392_ls,2,5,-15.2994318512473,1,5
train_0393_ls,2,5,-23.0664412829557,1,5
train_0394_ls,2,5,-13.9618348529735,1,5
train_0395_ls,2,5,-31.1477355717204,1,5
train_0396_ls,2,5,-23.6017049816793,1,5
train_0397_ls,2,5,-29.1827618806273,1,5
train_0398_ls,2,5,-22.7988286354947,1,5
train_0399_ls,2,5,-28.806416085766,1,5
train_0400_ls,2,5,-30.6884388600971,1,5
train_0401_ls,2,5,-19.4138269210312,1,5
train_0402_ls,2,5,-30.6997758227441,1,5
train_0403_ls,2,1,41.2230387286053,1,5
train_0404_ls,2,1,26.3619901413754,1,5
train_0405_ls,2,1,7.92430629028291,1,5
train_0406_ls,2,1,25.4708322483141,1,5
train_0407_ls,2,1,42.0825930483442,1,5
train_0408_ls,2,1,31.7701625325712,1,5
train_0409_ls,2,1,13.0512935060477,1,5
train_0410_ls,2,1,33.7854381990262,1,5
train_0411_ls,2,1,19.8484543526349,1,5
train_0412_ls,2,1,7.14708529239281,1,5
train_0413_ls,2,1,24.9433576364473,1,5
train_0414_ls,2,1,6.64782055713181,1,5
train_0415_ls,2,1,8.91713471161326,1,5
train_0416_ls,2,5,-8.13287349664309,1,5
train_0417_ls,2,1,7.08997483940265,1,5
train_0418_ls,2,5,-22.8169194825237,1,5
train_0419_ls,2,5,-7.63639239350482,1,5
train_0420_ls,2,1,4.69703636120508,1,5
train_0421_ls,2,5,-3.8898773255598,1,5
train_0422_ls,2,5,-19.2442970791194,1,5
train_0423_ls,2,5,-17.2283239987625,1,5
train_0424_ls,2,5,-17.9272806971939,1,5
train_0425_ls,2,5,-2.33686987916945,1,5
train_0426_ls,2,5,-15.040672358391,1,5
train_0427_ls,2,5,-15.0206473387338,1,5
train_0428_ls,2,5,-21.4312843122667,1,5
train_0429_ls,2,5,-20.815266482129,1,5
train_0430_ls,2,5,-13.539173462389,1,5
train_0431_ls,2,5,-19.8869124001998,1,5
train_0432_ls,2,5,-10.7412878721595,1,5
train_0433_ls,2,5,-15.9569684692079,1,5
train_0434_ls,2,5,-20.6447995175203,1,5
train_0435_ls,2,5,-15.2926256325151,1,5
train_0436_ls,2,5,-21.6058492903818,1,5
train_0437_ls,2,5,-19.5723801162635,1,5
train_0438_ls,2,5,-26.7081676653646,1,5
train_0439_ls,2,5,-18.7013787059881,1,5
train_0440_ls,2,5,-20.8609608434797,1,5
train_0441_ls,3,2,22.6998602257595,2,6
train_0442_ls,3,2,28.8544403896939,2,6
train_0443_ls,3,2,15.9134101501315,2,6
train_0444_ls,3,2,11.8894616604007,2,6
train_0445_ls,3,2,17.6410293868052,2,6
train_0446_ls,3,2,2.55364302688749,2,6
train_0447_ls,3,6,-23.71398857766,2,6
train_0448_ls,3,6,-18.4805886817509,2,6
train_0449_ls,3,6,-21.9436437897292,2,6
train_0450_ls,3,6,-17.1406949361994,2,6
train_0451_ls,3,6,-22.1750616908448,2,6
train_0452_ls,3,6,-23.3419087177338,2,6
train_0453_ls,3,6,-22.8170974442119,2,6
train_0454_ls,3,2,37.4120070898758,2,6
train_0455_ls,3,2,35.2055616663914,2,6
train_0456_ls,3,2,37.2768009494228,2,6
train_0457_ls,3,2,26.5750749766556,2,6
train_0458_ls,3,2,33.069346161896,2,6
train_0459_ls,3,2,26.9937305977923,2,6
train_0460_ls,3,2,22.5096232614005,2,6
train_0461_ls,3,2,26.9516153623156,2,6
train_0462_ls,3,2,21.7359268586315,2,6
train_0463_ls,3,2,15.4631532145685,2,6
train_0464_ls,3,2,1.07888594912171,2,6
train_0465_ls,3,2,13.5049841106004,2,6
train_0466_ls,3,2,13.9640611310261,2,6
train_0467_ls,3,2,3.63838545913762,2,6
train_0468_ls,3,6,-5.33281019769409,2,6
train_0469_ls,3,2,7.60514279827144,2,6
train_0470_ls,3,2,7.11586293096807,2,6
train_0471_ls,3,6,-3.68138378886031,2,6
train_0472_ls,3,6,-13.7441993817386,2,6
train_0473_ls,3,6,-12.2790204830325,2,6
train_0474_ls,3,6,-6.48887065033942,2,6
train_0475_ls,3,6,-21.7304126192319,2,6
train_0476_ls,3,6,-13.7574095857464,2,6
train_0477_ls,3,6,-20.2658222616153,2,6
train_0478_ls,3,6,-20.9562777756074,2,6
train_0479_ls,2,6,-1.28818257252794,2,6
train_0480_ls,2,6,-17.8790651910967,2,6
train_0481_ls,2,6,-5.77119659922566,2,6
train_0482_ls,2,2,4.68539618606215,2,6
train_0483_ls,2,6,-2.85254423810741,2,6
train_0484_ls,2,6,-12.0679480077618,2,6
train_0485_ls,2,2,2.48426369691256,2,6
train_0486_ls,2,6,-3.16694556086033,2,6
train_0487_ls,2,6,-13.4644389037744,2,6
train_0488_ls,2,6,-17.6202322168448,2,6
train_0489_ls,2,6,-7.59357585326612,2,6
train_0490_ls,2,6,-9.64214905486012,2,6
train_0491_ls,2,6,-40.57849281172,2,6
train_0492_ls,2,6,-45.2276269824333,2,6
train_0493_ls,2,6,-41.6556073016398,2,6
train_0494_ls,2,6,-42.6137958195071,2,6
train_0495_ls,2,6,-42.7083504531119,2,6
train_0496_ls,2,6,-44.0263037692551,2,6
train_0497_ls,2,6,-47.9965299807444,2,6
train_0498_ls,2,6,-43.1443073888748,2,6
train_0499_ls,2,6,-45.2277940253153,2,6
train_0500_ls,2,6,-49.3777800518792,2,6
train_0501_ls,2,2,12.7369942790623,2,6
train_0502_ls,2,6,-3.88005360198597,2,6
train_0503_ls,2,2,9.65473093355623,2,6
train_0504_ls,2,6,-16.539531196646,2,6
train_0505_ls,2,6,-4.29815017502325,2,6
train_0506_ls,2,2,1.85764239994232,2,6
train_0507_ls,2,2,0.366491260655571,2,6
train_0508_ls,2,6,-4.72378922373384,2,6
train_0509_ls,2,6,-2.56019548078974,2,6
train_0510_ls,2,6,-15.7686140960447,2,6
train_0511_ls,2,6,-3.17558919008457,2,6
train_0512_ls,2,6,-7.57946391826377,2,6
train_0513_ls,2,6,-14.607304714782,2,6
train_0514_ls,2,6,-9.79891604428847,2,6
train_0515_ls,2,6,-27.3688535651182,2,6
train_0516_ls,2,6,-14.0799775050154,2,6
train_0517_ls,2,6,-39.7916679695761,2,6
train_0518_ls,2,6,-31.7509591739473,2,6
train_0519_ls,2,6,-18.4535194920168,2,6
train_0520_ls,2,6,-28.1802556943385,2,6
train_0521_ls,2,6,-43.0861386411485,2,6
train_0522_ls,2,6,-31.7246382890519,2,6
train_0523_ls,2,6,-42.5256489361234,2,6
train_0524_ls,2,6,-21.004227845222,2,6
train_0525_ls,2,6,-43.2345527266419,2,6
train_0526_ls,2,6,-27.9975305832148,2,6
train_0527_ls,2,6,-41.1924630784823,2,6
train_0528_ls,2,6,-39.6557572613605,2,6
train_0529_ls,2,6,-34.1578173182375,2,6
train_0530_ls,2,6,-40.2544626699434,2,6
train_0531_ls,2,6,-32.8034352573296,2,6
train_0532_ls,2,6,-50.299777588418,2,6
train_0533_ls,2,6,-40.922301612943,2,6
train_0534_ls,2,6,-37.8188440094575,2,6
train_0535_ls,2,6,-46.8912031668436,2,6
train_0536_ls,2,6,-38.3760489534287,2,6
train_0537_ls,2,6,-38.722829702188,2,6
train_0538_ls,2,6,-50.0824608919064,2,6
train_0539_ls,3,5,-28.6967526554927,1,5
train_0540_ls,3,5,-28.2301386814328,1,5
train_0541_ls,3,5,-25.9807669663505,1,5
train_0542_ls,3,5,-26.6652841699454,1,5
train_0543_ls,3,5,-47.9128979023754,1,5
train_0544_ls,3,5,-46.3457280065763,1,5
train_0545_ls,3,5,-46.0768426441054,1,5
train_0546_ls,3,5,-30.4685545204934,1,5
train_0547_ls,3,5,-26.7223952504384,1,5
train_0548_ls,3,5,-37.6000111246235,1,5
train_0549_ls,3,5,-20.1297957779847,1,5
train_0550_ls,3,5,-28.4675735827005,1,5
train_0551_ls,3,5,-25.1852725788155,1,5
train_0552_ls,3,5,-38.9762317702161,1,5
train_0553_ls,3,5,-44.0766661736539,1,5
train_0554_ls,3,5,-50.2324052220425,1,5
train_0555_ls,3,5,-39.2493613554959,1,5
train_0556_ls,3,5,-42.8408995301772,1,5
train_0557_ls,3,5,-49.5869031061885,1,5
train_0558_ls,3,5,-48.4176098592193,1,5
train_0559_ls,3,5,-51.8080207679944,1,5
train_0560_ls,3,5,-58.5962234148889,1,5
train_0561_ls,3,5,-34.6012367849846,1,5
train_0562_ls,3,5,-41.671463713008,1,5
train_0563_ls,3,5,-50.7273666854501,1,5
train_0564_ls,3,5,-52.5362830374649,1,5
train_0565_ls,3,5,-40.7650136023297,1,5
train_0566_ls,3,5,-45.0970957873456,1,5
train_0567_ls,2,4,-6.11664997723552,2,4
train_0568_ls,2,4,-3.90449070345878,2,4
train_0569_ls,2,4,-11.3639051567754,2,4
train_0570_ls,2,4,-12.2955876744126,2,4
train_0571_ls,2,4,-7.10673517816807,2,4
train_0572_ls,0,4,-8.13100646767468,2,4
train_0573_ls,2,4,-10.297455504122,2,4
train_0574_ls,2,2,2.45467367589804,2,4
train_0575_ls,0,2,25.8064850578617,2,4
train_0576_ls,2,4,-11.5091723449295,2,4
train_0577_ls,2,4,-15.5740229061882,2,4
train_0578_ls,0,4,-13.0985556998249,2,4
train_0579_ls,2,4,-13.3143485523155,2,4
train_0580_ls,2,4,-18.22339394655,2,4
train_0581_ls,2,2,0.404883168736551,2,4
train_0582_ls,2,2,7.30445764028635,2,4
train_0583_ls,2,4,-15.0891432609254,2,4
train_0584_ls,2,4,-3.81332731926658,2,4
train_0585_ls,2,4,-1.21173039496868,2,4
train_0586_ls,0,2,1.27492662309251,2,4
train_0587_ls,3,1,37.4344549236004,1,5
train_0588_ls,3,1,27.3345524539756,1,5
train_0589_ls,3,1,31.7367964733519,1,5
train_0590_ls,1,1,3.82528658316947,1,5
train_0591_ls,3,1,17.1138797620538,1,5
train_0592_ls,3,1,15.9182807532502,1,5
train_0593_ls,-1,1,51.4279545322076,1,5
train_0594_ls,1,1,53.6329792742148,1,5
train_0595_ls,-1,5,-2.24750738449738,1,5
train_0596_ls,-1,1,0.507710949923772,1,5
train_0597_ls,-1,1,21.3292313798018,1,5
train_0598_ls,3,1,11.7513133789387,1,5
train_0599_ls,1,5,-3.24665865408032,1,5
train_0600_ls,1,1,3.12620557504189,1,5
train_0601_ls,3,1,31.0693599520741,1,5
train_0602_ls,3,1,24.3787093634639,1,5
train_0603_ls,3,1,25.0179428476743,1,5
train_0604_ls,3,4,-25.8191478852799,2,4
train_0605_ls,3,4,-27.8544614979078,2,4
train_0606_ls,3,4,-28.3994597509533,2,4
train_0607_ls,3,4,-22.7724318219712,2,4
train_0608_ls,3,4,-24.5119179530029,2,4
train_0609_ls,3,4,-24.8395745348382,2,4
train_0610_ls,-1,4,-20.793804842451,2,4
train_0611_ls,-1,4,-23.7930852056289,2,4
train_0612_ls,-1,4,-22.0789830249181,2,4
train_0613_ls,-1,4,-23.1591164001716,2,4
train_0614_ls,1,4,-16.0317891221249,2,4
train_0615_ls,-1,4,-18.3286288541623,2,4
train_0616_ls,-1,4,-17.2268956616222,2,4
train_0617_ls,-1,4,-19.0332441193582,2,4
train_0618_ls,-1,4,-26.6249970576726,2,4
train_0619_ls,-1,4,-25.2447422791436,2,4
train_0620_ls,-1,4,-26.8050725101167,2,4
train_0621_ls,-1,4,-25.5789396432642,2,4
train_0622_ls,3,4,-24.5929018156599,2,4
train_0623_ls,1,4,-23.3780277864594,2,4
train_0624_ls,3,4,-25.3457668490645,2,4
train_0625_ls,3,4,-25.8290482276922,2,4
train_0626_ls,3,4,-24.3174577870373,2,4
train_0627_ls,1,4,-22.7913604569849,2,4
train_0628_ls,3,4,-26.8896841305457,2,4
train_0629_ls,3,4,-27.7298130159381,2,4
train_0630_ls,0,5,-10.4011100291084,1,5
train_0631_ls,2,5,-15.5228702164331,1,5
train_0632_ls,2,5,-10.1799082959148,1,5
train_0633_ls,2,5,-15.1816974570032,1,5
train_0634_ls,2,5,-0.832599022697328,1,5
train_0635_ls,2,5,-8.70013892351993,1,5
train_0636_ls,2,5,-1.44405856128872,1,5
train_0637_ls,2,5,-19.4470182816343,1,5
train_0638_ls,2,5,-22.0465629990643,1,5
train_0639_ls,2,5,-25.2955229185712,1,5
train_0640_ls,2,5,-10.9321945774453,1,5
train_0641_ls,2,5,-1.92526238146308,1,5
train_0642_ls,2,5,-18.7728923211437,1,5
train_0643_ls,0,5,-7.19660482600547,1,5
train_0644_ls,0,5,-23.6963438270781,1,5
train_0645_ls,2,5,-22.1904393124826,1,5
train_0646_ls,2,5,-10.7459510206712,1,5
train_0647_ls,2,5,-18.6823863787943,1,5
train_0648_ls,2,5,-7.28603182858991,1,5
train_0649_ls,0,5,-15.5046381795177,1,5
train_0650_ls,0,5,-14.1515502315662,1,5
train_0651_ls,2,5,-10.8557253944593,1,5
train_0652_ls,1,2,1.02955523304623,2,6
train_0653_ls,1,2,2.17240868215519,2,6
train_0654_ls,3,6,-2.23440115883704,2,6
train_0655_ls,3,2,12.0154436627333,2,6
train_0656_ls,3,6,-9.4792051130514,2,6
train_0657_ls,3,2,4.71779324506952,2,6
train_0658_ls,3,6,-3.54983577743059,2,6
train_0659_ls,3,2,3.43220636549557,2,6
train_0660_ls,-1,2,22.1947088241697,2,6
train_0661_ls,-1,6,-3.36412428591987,2,6
train_0662_ls,-1,6,-4.14239698983765,2,6
train_0663_ls,-1,6,-4.44670984267312,2,6
train_0664_ls,3,6,-10.4710862460818,2,6
train_0665_ls,3,6,-15.7710260542274,2,6
train_0666_ls,1,6,-8.51108211614671,2,6
train_0667_ls,3,2,0.418230107010863,2,6
train_0668_ls,1,2,10.9266513469295,2,6
train_0669_ls,3,6,-12.8956776826315,2,6
train_0670_ls,3,2,6.9707259510796,2,6
train_0671_ls,3,2,2.72562668197772,2,6
train_0672_ls,1,2,2.10699897715072,2,6
train_0673_ls,3,2,2.75125084296747,2,6
train_0674_ls,0,6,-23.1026908110266,2,6
train_0675_ls,0,6,-36.9729578500913,2,6
train_0676_ls,2,6,-39.7929271301393,2,6
train_0677_ls,2,6,-36.1894767549101,2,6
train_0678_ls,2,6,-32.9544484242637,2,6
train_0679_ls,2,6,-29.4553196792718,2,6
train_0680_ls,2,6,-31.2458798731898,2,6
train_0681_ls,2,6,-16.6144220049652,2,6
train_0682_ls,0,6,-31.2786583325739,2,6
train_0683_ls,2,6,-34.185480885137,2,6
train_0684_ls,2,6,-29.0986844588715,2,6
train_0685_ls,2,6,-9.40749427167075,2,6
train_0686_ls,0,6,-0.120038860106341,2,6
train_0687_ls,2,6,-0.339073300835018,2,6
train_0688_ls,2,6,-43.7999042496746,2,6
train_0689_ls,2,6,-39.9224919605127,2,6
train_0690_ls,2,6,-46.6007892723644,2,6
train_0691_ls,2,6,-48.6915774206776,2,6
train_0692_ls,2,6,-32.2390549306975,2,6
train_0693_ls,2,6,-36.4139307441753,2,6
train_0694_ls,2,6,-41.2809637516184,2,6
train_0695_ls,2,6,-37.9488376169572,2,6
train_0696_ls,2,6,-46.8466738396317,2,6
train_0697_ls,2,6,-38.2371509235719,2,6
train_0698_ls,2,6,-43.5997421563986,2,6
train_0699_ls,2,6,-32.9203212587483,2,6
train_0700_ls,2,6,-35.3443017520148,2,6
train_0701_ls,2,1,9.65278810144602,1,5
train_0702_ls,1,6,-4.07408850472695,2,6
train_0703_ls,-1,6,-6.44526451506169,2,6
train_0704_ls,-1,6,-7.28460800963414,2,6
train_0705_ls,-1,6,-0.173830101665943,2,6
train_0706_ls,3,6,-11.3491919421477,2,6
train_0707_ls,2,6,-39.6582376809161,2,6
train_0708_ls,0,6,-46.8031819109406,2,6
train_0709_ls,2,6,-27.1714835124032,2,6
train_0710_ls,0,6,-10.4551158790284,2,6
train_0711_ls,2,4,-4.74551623711563,2,4
train_0712_ls,0,4,-8.81152907145783,2,4
train_0713_ls,3,1,43.5381756956808,1,5
train_0714_ls,1,1,11.5036412253754,1,5
train_0715_ls,2,6,-31.7325342407263,2,6
train_0716_ls,2,6,-31.4989068160836,2,6
train_0717_ls,2,4,-17.2892485170146,2,4
train_0718_ls,2,4,-5.90072641449839,2,4
train_0719_ls,3,1,24.4310081992442,1,5
train_0720_ls,3,1,6.86131051262435,1,5
train_0721_ls,2,1,20.0595661727472,1,5
train_0722_ls,1,5,-44.3674746461408,1,5
train_0723_ls,2,4,-23.8011472590736,2,4
train_0724_ls,2,5,-8.22639041776183,1,5
train_0725_ls,2,5,-5.52951421193447,1,5
train_0726_ls,2,5,-3.37560482272861,1,5
train_0727_ls,0,1,36.2752293130407,1,5
train_0728_ls,1,5,-18.5715545258953,1,5
train_0729_ls,3,2,6.55652125451231,2,6
train_0730_ls,3,6,-0.217818390238201,2,6
train_0731_ls,1,2,27.4296394666667,2,6
train_0732_ls,2,6,-46.9768571432511,2,6
train_0733_ls,1,6,-33.9443744260285,2,6
train_0734_ls,1,6,-31.9074274689573,2,6
train_0735_ls,1,5,-48.949681668165,1,5
train_0736_ls,1,5,-46.8761119404686,1,5
train_0737_ls,2,5,-40.5006718479386,1,5
train_0738_ls,1,4,-9.09254707844933,2,4
train_0739_ls,1,4,-3.80664584953958,2,4
train_0740_ls,2,1,8.63847369302793,1,5
train_0741_ls,2,1,13.2150118572697,1,5
train_0742_ls,1,5,-40.108279882668,1,5
train_0743_ls,3,4,-26.41105516996,2,4
train_0744_ls,3,4,-25.8743734253281,2,4
train_0745_ls,-1,4,-20.7088851775546,2,4
train_0746_ls,-1,4,-24.0248011109525,2,4
train_0747_ls,3,4,-25.6177268195632,2,4
train_0748_ls,2,4,-18.1980266877617,2,4
train_0749_ls,2,4,-20.6916437899488,2,4
train_0750_ls,1,1,13.1793451600553,1,5
train_0751_ls,1,1,9.01869373142958,1,5
train_0752_ls,2,5,-3.62136451571851,1,5
train_0753_ls,2,5,-1.92263060681057,1,5
train_0754_ls,1,1,39.2967466667067,1,5
train_0755_ls,1,1,7.5346106078269,1,5
train_0756_ls,2,5,-14.2761316327263,1,5
train_0757_ls,2,2,13.4018393744197,2,6
train_0758_ls,2,6,-0.589337633379188,2,6
train_0759_ls,3,6,-3.48714726730311,2,6
train_0760_ls,2,2,7.81198949907395,2,6
train_0761_ls,2,2,37.2075662604214,2,6
train_0762_ls,2,2,11.397586225701,2,6
train_0763_ls,3,2,15.1149868621401,2,6
train_0764_ls,2,6,-1.49829263636639,2,6
train_0765_ls,2,6,-4.84833008775412,2,6
train_0766_ls,2,6,-43.2546721236961,2,6
train_0767_ls,1,6,-33.4931833798678,2,6
train_0768_ls,3,5,-51.0843421414417,1,5
train_0769_ls,1,4,-11.2406038749588,2,4
train_0770_ls,1,4,-6.85077186749124,2,4
train_0771_ls,2,4,-2.84467131598691,2,4
train_0772_ls,1,2,8.52476941549864,2,4
train_0773_ls,1,4,-8.07247834544917,2,4
train_0774_ls,2,1,14.0611047182537,1,5
train_0775_ls,2,1,18.6667062347995,1,5
train_0776_ls,3,1,30.7923093110856,1,5
train_0777_ls,2,1,28.1489492466061,1,5
train_0778_ls,2,5,-47.4564725488559,1,5
train_0779_ls,2,5,-40.6073874895349,1,5
train_0780_ls,3,4,-26.2042218349822,2,4
train_0781_ls,-1,4,-20.3921987163265,2,4
train_0782_ls,3,4,-24.3671928075214,2,4
train_0783_ls,3,4,-25.201775952458,2,4
train_0784_ls,0,4,-15.8232898750497,2,4
train_0785_ls,2,4,-21.6954615337872,2,4
train_0786_ls,0,5,-0.614505595026161,1,5
train_0787_ls,2,1,5.77889388140425,1,5
train_0788_ls,2,1,1.03255824229408,1,5
train_0789_ls,2,5,-18.5413720105091,1,5
train_0790_ls,2,5,-5.12409910342082,1,5
train_0791_ls,3,2,11.7600453615042,2,6
train_0792_ls,3,2,11.1705721235205,2,6
train_0793_ls,1,6,-33.3882468529938,2,6
train_0794_ls,1,6,-30.7059215250409,2,6
train_0795_ls,-1,6,-25.5085237303939,2,6
train_0796_ls,2,6,-42.7274166381602,2,6
train_0797_ls,2,6,-19.5691832693131,2,6
train_0798_ls,3,5,-49.0401891793429,1,5
train_0799_ls,2,5,-33.8945772194139,1,5
train_0800_ls,2,5,-44.8052883825616,1,5
train_0801_ls,2,5,-51.9896519419925,1,5
train_0802_ls,0,5,-29.8390738510374,1,5
train_0803_ls,2,4,-3.24071337830161,2,4
train_0804_ls,1,2,3.36106944437404,2,4
train_0805_ls,1,4,-7.65337656480106,2,4
train_0806_ls,1,5,-26.7432114967418,1,5
train_0807_ls,1,4,-12.6366561417794,2,4
train_0808_ls,-1,4,-26.4327284058991,2,4
train_0809_ls,1,4,-26.5175882063043,2,4
train_0810_ls,2,5,-16.0390960306933,1,5
train_0811_ls,1,1,10.1562180562952,1,5
train_0812_ls,2,5,-4.93156677206216,1,5
train_0813_ls,0,1,12.1946790054287,1,5
train_0814_ls,1,5,-4.17273707278439,1,5
train_0815_ls,0,5,-15.8612332393796,1,5
train_0816_ls,2,2,10.7487293188058,2,6
train_0817_ls,3,2,3.601390512627,2,6
train_0818_ls,1,6,-2.22195839903958,2,6
train_0819_ls,1,2,12.5118654034325,2,6
train_0820_ls,1,6,-34.9273338175237,2,6
train_0821_ls,2,5,-50.6209032398554,1,5
train_0822_ls,0,5,-44.6221180532521,1,5
train_0823_ls,2,4,-2.1510795724177,2,4
train_0824_ls,0,4,-8.85507433838958,2,4
train_0825_ls,0,2,4.27958361292791,2,4
train_0826_ls,0,4,-10.772809367383,2,4
train_0827_ls,2,4,-2.435481800733,2,4
train_0828_ls,0,4,-0.968633664007432,2,4
train_0829_ls,0,4,-18.8578793176795,2,4
train_0830_ls,3,1,40.7837495291959,1,5
train_0831_ls,1,1,23.4631493210376,1,5
train_0832_ls,1,1,46.3935963116294,1,5
train_0833_ls,1,1,10.9401141862478,1,5
train_0834_ls,3,1,45.9332133184722,1,5
train_0835_ls,3,1,12.1670360208505,1,5
train_0836_ls,1,1,1.70270497693518,1,5
train_0837_ls,1,5,-8.79734629055756,1,5
train_0838_ls,2,5,-45.1688530017282,1,5
train_0839_ls,0,5,-45.4470578836069,1,5
train_0840_ls,2,5,-37.3990141297618,1,5
train_0841_ls,2,5,-35.5879982564805,1,5
train_0842_ls,2,5,-19.4704385039149,1,5
train_0843_ls,2,5,-52.4127604958718,1,5
train_0844_ls,0,5,-52.8754459467895,1,5
train_0845_ls,2,5,-53.1493889099367,1,5
train_0846_ls,3,4,-25.9283923901359,2,4
train_0847_ls,1,4,-24.2177251337059,2,4
train_0848_ls,1,4,-19.5233180998495,2,4
train_0849_ls,3,4,-25.8550443765161,2,4
train_0850_ls,3,4,-26.9430735778863,2,4
train_0851_ls,3,4,-22.8617579210149,2,4
train_0852_ls,-1,4,-19.1512828557603,2,4
train_0853_ls,-1,4,-20.4492750327628,2,4
train_0854_ls,3,4,-25.8438022932469,2,4
train_0855_ls,1,4,-23.8047462141371,2,4
train_0856_ls,1,4,-22.1730773804117,2,4
train_0857_ls,1,4,-21.6688157871913,2,4
train_0858_ls,3,4,-25.9094136798107,2,4
train_0859_ls,2,5,-5.06406414249407,1,5
train_0860_ls,2,1,4.72819904643936,1,5
train_0861_ls,0,5,-13.0608873728209,1,5
train_0862_ls,2,1,3.68012644809812,1,5
train_0863_ls,2,1,20.2481519713255,1,5
train_0864_ls,0,5,-7.02817061553396,1,5
train_0865_ls,0,5,-26.2756544386369,1,5
train_0866_ls,3,2,4.13371746696598,2,6
train_0867_ls,3,2,12.9632044162747,2,6
train_0868_ls,1,2,1.6670884804472,2,6
train_0869_ls,1,2,19.3851649238511,2,6
train_0870_ls,1,6,-0.881512382219521,2,6
train_0871_ls,3,2,14.2003399716025,2,6
train_0872_ls,1,2,41.45471114754,2,6
train_0873_ls,1,2,2.6086613633014,2,6
train_0874_ls,1,6,-16.5491616472056,2,6
train_0875_ls,1,6,-1.27713991177937,2,6
train_0876_ls,1,6,-16.3209806909426,2,6
train_0877_ls,0,6,-36.9780274990219,2,6
train_0878_ls,2,6,-9.08641819345693,2,6
train_0879_ls,1,5,-40.9196512011851,1,5
train_0880_ls,1,5,-45.3563084676595,1,5
train_0881_ls,3,5,-38.9335967685602,1,5
train_0882_ls,1,5,-18.8179815752158,1,5
train_0883_ls,1,5,-34.5647443480399,1,5
train_0884_ls,1,5,-50.5845072511526,1,5
train_0885_ls,1,5,-56.8010567366218,1,5
train_0886_ls,2,4,-1.96404271808099,2,4
train_0887_ls,0,4,-6.18822019384625,2,4
train_0888_ls,2,2,6.51795044356026,2,4
train_0889_ls,2,2,6.0755579586868,2,4
train_0890_ls,2,2,0.774376685829189,2,4
train_0891_ls,2,4,-4.05128091997293,2,4
train_0892_ls,2,2,10.9587364711801,2,4
train_0893_ls,0,2,15.6179424824864,2,4
train_0894_ls,2,2,10.8257384736195,2,4
train_0895_ls,2,2,4.78953577562883,2,4
train_0896_ls,0,4,-11.3917523328174,2,4
train_0897_ls,0,2,5.11092949933182,2,4
train_0898_ls,2,2,2.52156762907355,2,4
train_0899_ls,3,1,31.7843043371652,1,5
train_0900_ls,-1,1,61.2541235012869,1,5
train_0901_ls,-1,1,69.276155669781,1,5
train_0902_ls,-1,1,83.7822746701513,1,5
train_0903_ls,-1,1,83.5270945540702,1,5
train_0904_ls,-1,1,73.4028167299367,1,5
train_0905_ls,3,1,38.3806124531914,1,5
train_0906_ls,3,1,33.7970835196782,1,5
train_0907_ls,1,1,58.3063112769864,1,5
train_0908_ls,3,1,53.3732847922854,1,5
train_0909_ls,3,1,20.396883702094,1,5
train_0910_ls,1,1,7.20923257582961,1,5
train_0911_ls,1,5,-8.80434622154168,1,5
train_0912_ls,2,5,-29.7572951221321,1,5
train_0913_ls,2,5,-42.1075753301466,1,5
train_0914_ls,2,5,-25.4958816106406,1,5
train_0915_ls,0,5,-40.0545411008022,1,5
train_0916_ls,2,5,-54.4224539006137,1,5
train_0917_ls,2,5,-30.3280146121262,1,5
train_0918_ls,0,5,-55.5760540144364,1,5
train_0919_ls,2,5,-43.0645688189397,1,5
train_0920_ls,2,5,-47.5567889742981,1,5
train_0921_ls,3,4,-21.3598519595846,2,4
train_0922_ls,1,4,-9.17148544843328,2,4
train_0923_ls,3,4,-24.897811869281,2,4
train_0924_ls,-1,4,-19.8910355140337,2,4
train_0925_ls,-1,4,-23.8589048625318,2,4
train_0926_ls,-1,4,-19.0585776809017,2,4
train_0927_ls,-1,4,-19.4199216067623,2,4
train_0928_ls,3,4,-25.7756822494285,2,4
train_0929_ls,3,4,-26.7381570960731,2,4
train_0930_ls,3,4,-25.9595523770224,2,4
train_0931_ls,1,4,-20.1947219869163,2,4
train_0932_ls,1,4,-22.3151695587998,2,4
train_0933_ls,1,4,-14.956780930588,2,4
train_0934_ls,3,4,-25.1142014204337,2,4
train_0935_ls,3,4,-27.8281099277954,2,4
train_0936_ls,1,4,-22.5230117408478,2,4
train_0937_ls,1,4,-24.0187491585499,2,4
train_0938_ls,1,4,-17.7194544539748,2,4
train_0939_ls,3,4,-27.7259356977336,2,4
train_0940_ls,2,1,21.0496661199965,1,5
train_0941_ls,2,1,18.1799524069217,1,5
train_0942_ls,2,1,26.9243870987574,1,5
train_0943_ls,0,1,16.2854927711843,1,5
train_0944_ls,2,1,20.4746518925728,1,5
train_0945_ls,2,5,-12.5491840193454,1,5
train_0946_ls,2,5,-0.6918423099595,1,5
train_0947_ls,3,2,10.8432185030657,2,6
train_0948_ls,1,2,16.4463461651739,2,6
train_0949_ls,-1,2,38.3261984712809,2,6
train_0950_ls,-1,2,58.3101594159522,2,6
train_0951_ls,-1,2,45.4033882444142,2,6
train_0952_ls,3,2,6.37553246200349,2,6
train_0953_ls,3,2,29.4161325911197,2,6
train_0954_ls,1,2,30.9694751275924,2,6
train_0955_ls,1,6,-11.456745434436,2,6
train_0956_ls,1,6,-14.8269692379159,2,6
train_0957_ls,2,6,-9.83559861673326,2,6
train_0958_ls,2,6,-2.45687460265058,2,6
train_0959_ls,2,6,-19.5741464299564,2,6
train_0960_ls,0,6,-48.1441079724966,2,6
train_0961_ls,0,6,-32.112044503149,2,6
train_0962_ls,1,5,-21.2386052065247,1,5
train_0963_ls,-1,5,-39.598104201045,1,5
train_0964_ls,-1,5,-18.9160935599323,1,5
train_0965_ls,-1,5,-21.282593369682,1,5
train_0966_ls,1,5,-37.3662213631561,1,5
train_0967_ls,3,5,-34.580640229736,1,5
train_0968_ls,3,5,-51.9533420476636,1,5
train_0969_ls,1,5,-56.6918887879681,1,5
train_0970_ls,2,4,-5.99475939955817,2,4
train_0971_ls,0,2,4.7275478171315,2,4
train_0972_ls,0,4,-9.10357442787184,2,4
train_0973_ls,2,4,-3.92326547315013,2,4
train_0974_ls,2,4,-5.55528866156601,2,4
train_0975_ls,2,4,-13.1262227807332,2,4
train_0976_ls,2,2,11.96347521055,2,4
train_0977_ls,2,2,9.08564704704414,2,4
train_0978_ls,0,2,8.37208995993685,2,4
train_0979_ls,0,2,23.8300546752104,2,4
train_0980_ls,2,2,17.5713663597726,2,4
train_0981_ls,2,2,17.0615449072825,2,4
train_0982_ls,0,4,-5.82325208682302,2,4
train_0983_ls,3,1,32.4964638350566,1,5
train_0984_ls,1,1,6.96373555819568,1,5
train_0985_ls,1,1,38.2268214902105,1,5
train_0986_ls,3,1,41.7410836928894,1,5
train_0987_ls,-1,1,9.77715257267792,1,5
train_0988_ls,-1,1,18.3041141296754,1,5
train_0989_ls,-1,1,13.073914971648,1,5
train_0990_ls,-1,1,23.6315162626485,1,5
train_0991_ls,-1,1,5.28061816409525,1,5
train_0992_ls,3,1,56.7816122260748,1,5
train_0993_ls,3,1,64.8033741889649,1,5
train_0994_ls,1,1,26.5953630481277,1,5
train_0995_ls,2,5,-33.5674936164407,1,5
train_0996_ls,2,5,-29.686523223178,1,5
train_0997_ls,2,5,-43.7935009548234,1,5
train_0998_ls,2,5,-48.1588681247789,1,5
train_0999_ls,2,5,-28.7784475491343,1,5
train_1000_ls,2,5,-29.4895776177768,1,5
train_1001_ls,2,5,-36.3378330467215,1,5
train_1002_ls,3,4,-18.9699115962768,2,4
train_1003_ls,3,4,-23.8407947508946,2,4
train_1004_ls,-1,4,-23.288861388493,2,4
train_1005_ls,-1,4,-21.4260580995232,2,4
train_1006_ls,-1,4,-22.8044510573537,2,4
train_1007_ls,-1,4,-23.4247461178343,2,4
train_1008_ls,-1,4,-23.4033193046351,2,4
train_1009_ls,3,4,-23.582649213278,2,4
train_1010_ls,3,4,-24.3960802061322,2,4
train_1011_ls,1,4,-18.1126827010377,2,4
train_1012_ls,1,4,-20.8534995676438,2,4
train_1013_ls,1,4,-11.2306796243032,2,4
train_1014_ls,3,4,-24.8452956642634,2,4
train_1015_ls,2,5,-1.96452138232498,1,5
train_1016_ls,2,1,3.34498920033237,1,5
train_1017_ls,2,5,-12.6642361870953,1,5
train_1018_ls,2,1,23.3144623317351,1,5
train_1019_ls,2,1,23.2989378101562,1,5
train_1020_ls,0,1,27.1238434951082,1,5
train_1021_ls,0,1,56.2554866340907,1,5
train_1022_ls,2,1,32.5475927420904,1,5
train_1023_ls,2,1,19.0137614562678,1,5
train_1024_ls,0,5,-11.7087110077157,1,5
train_1025_ls,3,2,3.03095942596188,2,6
train_1026_ls,3,2,4.96308023509239,2,6
train_1027_ls,1,6,-6.77446144436396,2,6
train_1028_ls,1,2,16.9078978320007,2,6
train_1029_ls,-1,6,-12.4215397445888,2,6
train_1030_ls,-1,6,-7.87634938091595,2,6
train_1031_ls,-1,2,0.804980573936632,2,6
train_1032_ls,-1,6,-0.650920785629671,2,6
train_1033_ls,-1,6,-8.24080945619141,2,6
train_1034_ls,3,2,20.4837393591342,2,6
train_1035_ls,3,2,24.7705587839026,2,6
train_1036_ls,1,2,35.7243461505458,2,6
train_1037_ls,1,2,13.2215513845136,2,6
train_1038_ls,3,2,31.2786946025375,2,6
train_1039_ls,1,2,7.01959914999214,2,6
train_1040_ls,0,6,-32.2720286711619,2,6
train_1041_ls,2,6,-6.09890218956054,2,6
train_1042_ls,2,6,-6.5034367140536,2,6
train_1043_ls,0,6,-1.19619828036293,2,6
train_1044_ls,0,2,24.992313729298,2,6
train_1045_ls,2,6,-1.52011528229354,2,6
train_1046_ls,2,6,-9.87154430466274,2,6
train_1047_ls,1,5,-41.2986141500112,1,5
train_1048_ls,1,5,-43.6768571091467,1,5
train_1049_ls,1,5,-48.2398171606718,1,5
train_1050_ls,3,5,-36.7180141795192,1,5
train_1051_ls,-1,5,-45.4321633816543,1,5
train_1052_ls,-1,5,-33.7575079402817,1,5
train_1053_ls,-1,5,-39.2178967756216,1,5
train_1054_ls,-1,5,-51.9210120690377,1,5
train_1055_ls,-1,5,-56.2962539164253,1,5
train_1056_ls,3,5,-31.0541978799438,1,5
train_1057_ls,1,5,-20.3998078962792,1,5
train_1058_ls,1,5,-28.6349018704283,1,5
train_1059_ls,3,5,-28.5082274742165,1,5
train_1060_ls,3,5,-37.271644955003,1,5
train_1061_ls,3,1,33.3893969521941,1,5
train_1062_ls,1,5,-48.8921687933104,1,5
train_1063_ls,1,4,-10.0848463837654,2,4
train_1064_ls,1,4,-1.44601030406764,2,4
train_1065_ls,1,4,-7.38609084974275,2,4
train_1066_ls,2,4,-6.11298469442298,2,4
train_1067_ls,2,2,3.76643234409514,2,4
train_1068_ls,1,2,20.9386032182127,2,4
train_1069_ls,1,2,3.30457570760763,2,4
train_1070_ls,2,4,-16.1742285016283,2,4
train_1071_ls,1,4,-14.4764463991691,2,4
train_1072_ls,1,4,-6.71187433972234,2,4
train_1073_ls,2,4,-16.3199928027953,2,4
train_1074_ls,3,1,37.266986826728,1,5
train_1075_ls,3,1,37.4027672011916,1,5
train_1076_ls,2,1,45.8729492538766,1,5
train_1077_ls,3,1,41.2643907872264,1,5
train_1078_ls,3,1,34.1518538446624,1,5
train_1079_ls,3,1,8.7612427213161,1,5
train_1080_ls,2,1,0.280465171141621,1,5
train_1081_ls,2,1,1.42318288991006,1,5
train_1082_ls,2,5,-47.6488162507285,1,5
train_1083_ls,1,5,-47.3968555091708,1,5
train_1084_ls,1,5,-47.9014368812188,1,5
train_1085_ls,2,5,-51.8560650896267,1,5
train_1086_ls,2,5,-27.9918260827575,1,5
train_1087_ls,1,5,-10.6762886211414,1,5
train_1088_ls,1,5,-16.8668316039898,1,5
train_1089_ls,2,5,-19.966463784312,1,5
train_1090_ls,2,5,-48.9808951816999,1,5
train_1091_ls,2,5,-61.1570549392894,1,5
train_1092_ls,2,5,-42.2024779175706,1,5
train_1093_ls,2,5,-48.790804740823,1,5
train_1094_ls,3,4,-26.4497460863177,2,4
train_1095_ls,3,4,-26.5131225979116,2,4
train_1096_ls,2,4,-24.9095604781413,2,4
train_1097_ls,2,4,-23.7269799690526,2,4
train_1098_ls,3,4,-26.8837573036072,2,4
train_1099_ls,3,4,-26.909228603379,2,4
train_1100_ls,3,4,-26.7141620123504,2,4
train_1101_ls,3,4,-25.3283844601585,2,4
train_1102_ls,2,4,-19.1863708637368,2,4
train_1103_ls,2,4,-16.9990848104708,2,4
train_1104_ls,3,4,-24.7337402930305,2,4
train_1105_ls,3,4,-24.7156159368791,2,4
train_1106_ls,3,4,-25.5407821098473,2,4
train_1107_ls,2,4,-24.247331783617,2,4
train_1108_ls,2,4,-24.6754557697466,2,4
train_1109_ls,2,4,-23.7699779222807,2,4
train_1110_ls,3,4,-25.7532644733467,2,4
train_1111_ls,3,4,-25.4624578206608,2,4
train_1112_ls,2,5,-7.40166450537879,1,5
train_1113_ls,2,5,-0.347673694785576,1,5
train_1114_ls,1,5,-11.7010358766155,1,5
train_1115_ls,1,5,-3.23826979361209,1,5
train_1116_ls,1,5,-4.38819288997671,1,5
train_1117_ls,2,5,-2.71724497512031,1,5
train_1118_ls,2,1,26.3530052724554,1,5
train_1119_ls,2,5,-22.3211797818356,1,5
train_1120_ls,1,5,-20.7784853281038,1,5
train_1121_ls,2,5,-24.964750061906,1,5
train_1122_ls,2,5,-26.3677325433322,1,5
train_1123_ls,3,2,3.50074702915311,2,6
train_1124_ls,3,2,6.86441825324439,2,6
train_1125_ls,2,2,0.840380328476108,2,6
train_1126_ls,2,2,7.69089228152399,2,6
train_1127_ls,2,2,1.41753335937198,2,6
train_1128_ls,3,2,9.39479655470948,2,6
train_1129_ls,3,2,4.24172671943073,2,6
train_1130_ls,3,2,2.08316943036736,2,6
train_1131_ls,3,2,15.8132771456379,2,6
train_1132_ls,2,2,30.1357728804992,2,6
train_1133_ls,2,2,8.09118622252475,2,6
train_1134_ls,3,6,-20.525412514296,2,6
train_1135_ls,3,6,-17.2579637184155,2,6
train_1136_ls,2,6,-19.5338151410308,2,6
train_1137_ls,2,6,-5.44181593508073,2,6
train_1138_ls,2,6,-18.6652824785869,2,6
train_1139_ls,2,6,-25.4755749649133,2,6
train_1140_ls,1,6,-36.8115443411903,2,6
train_1141_ls,1,6,-30.1537923170133,2,6
train_1142_ls,2,6,-30.3439022735066,2,6
train_1143_ls,2,6,-37.5062037293308,2,6
train_1144_ls,2,6,-39.3212900682731,2,6
train_1145_ls,2,6,-9.21818978630218,2,6
train_1146_ls,1,2,15.2987653106847,2,6
train_1147_ls,1,2,0.442485858166061,2,6
train_1148_ls,2,6,-47.4563533847401,2,6
train_1149_ls,2,6,-49.2632089329697,2,6
train_1150_ls,3,5,-44.6161768563845,1,5
train_1151_ls,3,5,-47.8889475601544,1,5
train_1152_ls,2,5,-42.919007391452,1,5
train_1153_ls,2,5,-45.7746832783157,1,5
train_1154_ls,2,5,-43.7544612058143,1,5
train_1155_ls,3,5,-47.3039116297644,1,5
train_1156_ls,3,5,-49.62192980651,1,5
train_1157_ls,3,5,-48.5179185035835,1,5
train_1158_ls,2,5,-24.7882560570284,1,5
train_1159_ls,2,5,-31.9222674405138,1,5
train_1160_ls,3,5,-44.2712652700747,1,5
train_1161_ls,2,5,-50.2935471096033,1,5
train_1162_ls,2,5,-51.1764490487741,1,5
train_1163_ls,2,5,-51.2308868761491,1,5
train_1164_ls,2,2,10.4978861716801,2,4
train_1165_ls,2,2,5.99184254728461,2,4
train_1166_ls,2,2,2.81186568550165,2,4
train_1167_ls,2,2,7.88450606258764,2,4
train_1168_ls,1,2,11.8769400853265,2,4
train_1169_ls,2,2,7.04342493150878,2,4
train_1170_ls,2,2,4.60363314465636,2,4
train_1171_ls,2,2,2.45108218830382,2,4
train_1172_ls,2,4,-9.84188186913588,2,4
train_1173_ls,1,4,-10.5249600053347,2,4
train_1174_ls,1,4,-6.36187239638885,2,4
train_1175_ls,2,4,-3.71047142579528,2,4
train_1176_ls,2,4,-7.92545682900628,2,4
train_1177_ls,2,4,-12.3751056748887,2,4
train_1178_ls,3,1,37.0892956592239,1,5
train_1179_ls,3,1,41.5954988594602,1,5
train_1180_ls,3,1,49.167010726611,1,5
train_1181_ls,3,1,37.6322561381809,1,5
train_1182_ls,3,1,33.4740355558158,1,5
train_1183_ls,2,5,-22.2422272301163,1,5
train_1184_ls,2,5,-41.3138325724099,1,5
train_1185_ls,2,5,-44.0966975937545,1,5
train_1186_ls,2,5,-31.0558142189603,1,5
train_1187_ls,1,5,-38.887515798759,1,5
train_1188_ls,1,5,-37.3435801938525,1,5
train_1189_ls,2,5,-45.2069476585189,1,5
train_1190_ls,2,5,-42.6727240418508,1,5
train_1191_ls,2,5,-41.0519502785801,1,5
train_1192_ls,2,5,-48.8103580614749,1,5
train_1193_ls,2,5,-53.7202275014818,1,5
train_1194_ls,2,5,-39.1811269167902,1,5
train_1195_ls,1,5,-51.0816358185104,1,5
train_1196_ls,1,5,-49.4230818433597,1,5
train_1197_ls,2,5,-46.6638783219191,1,5
train_1198_ls,2,5,-48.4187198606601,1,5
train_1199_ls,2,5,-49.5959068631865,1,5
train_1200_ls,3,4,-22.6998609788199,2,4
train_1201_ls,2,4,-14.0466827306463,2,4
train_1202_ls,3,4,-26.047868562398,2,4
train_1203_ls,-2,4,-21.7569106499762,2,4
train_1204_ls,-2,4,-22.9375110529937,2,4
train_1205_ls,-2,4,-23.4066375749541,2,4
train_1206_ls,3,4,-26.4760889339908,2,4
train_1207_ls,3,4,-26.5489666293113,2,4
train_1208_ls,3,4,-26.1007762707593,2,4
train_1209_ls,2,4,-24.3816281609535,2,4
train_1210_ls,3,4,-25.992934939866,2,4
train_1211_ls,3,4,-27.02785732407,2,4
train_1212_ls,3,4,-26.6790377972604,2,4
train_1213_ls,3,4,-26.7256807646241,2,4
train_1214_ls,2,4,-24.1807116757902,2,4
train_1215_ls,2,4,-25.4061977686335,2,4
train_1216_ls,2,4,-23.4930227255012,2,4
train_1217_ls,3,4,-26.6326576305963,2,4
train_1218_ls,3,4,-27.9447558441744,2,4
train_1219_ls,3,4,-27.2296577191759,2,4
train_1220_ls,2,1,22.0676881054605,1,5
train_1221_ls,1,1,23.8456402536143,1,5
train_1222_ls,2,1,33.500666994976,1,5
train_1223_ls,2,1,25.4507515685987,1,5
train_1224_ls,2,1,18.942404718391,1,5
train_1225_ls,1,1,20.030955694078,1,5
train_1226_ls,2,1,15.611517162043,1,5
train_1227_ls,2,1,3.56790993299833,1,5
train_1228_ls,2,5,-1.55966168238005,1,5
train_1229_ls,2,5,-18.9900825744781,1,5
train_1230_ls,1,5,-25.0574876790037,1,5
train_1231_ls,2,2,15.5292793471819,2,6
train_1232_ls,3,2,20.4330441236918,2,6
train_1233_ls,2,2,17.9644962133062,2,6
train_1234_ls,2,2,5.59955543890818,2,6
train_1235_ls,3,2,18.8588937496392,2,6
train_1236_ls,3,2,10.1689224877366,2,6
train_1237_ls,3,2,7.42372504022848,2,6
train_1238_ls,2,2,5.17279082645811,2,6
train_1239_ls,2,6,-8.23628799919013,2,6
train_1240_ls,1,2,4.49468532650931,2,6
train_1241_ls,2,6,-2.51613076157284,2,6
train_1242_ls,2,6,-7.48688004093077,2,6
train_1243_ls,2,6,-26.5325341014954,2,6
train_1244_ls,2,6,-28.9155831558016,2,6
train_1245_ls,2,6,-13.1615941719447,2,6
train_1246_ls,1,6,-25.9261873845436,2,6
train_1247_ls,1,6,-14.1675592531797,2,6
train_1248_ls,2,6,-18.6580789835705,2,6
train_1249_ls,2,6,-31.5657371397151,2,6
train_1250_ls,1,6,-43.9639612052374,2,6
train_1251_ls,1,6,-35.0740439012976,2,6
train_1252_ls,2,6,-35.7935059778023,2,6
train_1253_ls,2,6,-41.3146438165822,2,6
train_1254_ls,2,6,-45.716183268624,2,6
train_1255_ls,3,5,-27.0905715621706,1,5
train_1256_ls,2,5,-21.4016513696586,1,5
train_1257_ls,3,5,-46.1797644890096,1,5
train_1258_ls,2,5,-37.1724682122568,1,5
train_1259_ls,3,5,-40.1932468617492,1,5
train_1260_ls,3,5,-46.1082564587434,1,5
train_1261_ls,3,5,-48.5061995131995,1,5
train_1262_ls,2,5,-52.537171653536,1,5
train_1263_ls,2,4,-8.53389898817101,2,4
train_1264_ls,2,4,-8.3911247696292,2,4
train_1265_ls,1,4,-10.2289255710769,2,4
train_1266_ls,1,2,1.3985039463039,2,4
train_1267_ls,2,4,-5.66991864096942,2,4
train_1268_ls,2,4,-8.71499577501683,2,4
train_1269_ls,2,4,-9.67429605141843,2,4
train_1270_ls,2,4,-12.2714035847806,2,4
train_1271_ls,2,2,12.965593595876,2,4
train_1272_ls,2,2,11.6219679886476,2,4
train_1273_ls,1,2,10.0195466184566,2,4
train_1274_ls,1,2,9.997535343079,2,4
train_1275_ls,1,2,1.84074432280589,2,4
train_1276_ls,2,2,16.0210570157838,2,4
train_1277_ls,1,2,0.0438854399582766,2,4
train_1278_ls,3,1,30.7227353904547,1,5
train_1279_ls,3,1,26.944381872364,1,5
train_1280_ls,2,1,34.7269815887477,1,5
train_1281_ls,3,1,32.5016772464854,1,5
train_1282_ls,3,1,63.7101258030114,1,5
train_1283_ls,2,1,49.5485069937101,1,5
train_1284_ls,2,1,73.3774630254523,1,5
train_1285_ls,2,1,34.777705689606,1,5
train_1286_ls,2,5,-38.5237896584644,1,5
train_1287_ls,2,5,-34.1556635174759,1,5
train_1288_ls,2,5,-42.6651376406222,1,5
train_1289_ls,2,5,-20.9612243072828,1,5
train_1290_ls,2,5,-20.132945310679,1,5
train_1291_ls,1,5,-8.04211127930969,1,5
train_1292_ls,1,5,-14.2297611297914,1,5
train_1293_ls,3,4,-24.4043686650406,2,4
train_1294_ls,2,4,-22.6784473435371,2,4
train_1295_ls,2,4,-23.5895449148708,2,4
train_1296_ls,2,4,-23.1756285589964,2,4
train_1297_ls,3,4,-23.9528718334513,2,4
train_1298_ls,3,4,-24.2874967197996,2,4
train_1299_ls,3,4,-24.2145627996256,2,4
train_1300_ls,3,4,-23.4669508362429,2,4
train_1301_ls,3,4,-23.9420639240397,2,4
train_1302_ls,2,4,-20.7195876652767,2,4
train_1303_ls,2,4,-19.6590832257658,2,4
train_1304_ls,3,4,-24.147394185476,2,4
train_1305_ls,3,4,-23.9017336391472,2,4
train_1306_ls,2,1,1.46611708814361,1,5
train_1307_ls,1,5,-4.11253550814207,1,5
train_1308_ls,2,5,-3.26658427610379,1,5
train_1309_ls,2,5,-7.11856824979497,1,5
train_1310_ls,2,5,-9.778027383544,1,5
train_1311_ls,2,1,31.0354934540625,1,5
train_1312_ls,2,1,32.9745329317036,1,5
train_1313_ls,1,1,30.6513907635397,1,5
train_1314_ls,1,1,46.470736490548,1,5
train_1315_ls,1,1,36.3052333647935,1,5
train_1316_ls,2,1,31.1567563340738,1,5
train_1317_ls,1,1,0.823822800825097,1,5
train_1318_ls,2,6,-8.12335430342096,2,6
train_1319_ls,2,2,1.91524689113868,2,6
train_1320_ls,2,6,-8.27123450384991,2,6
train_1321_ls,3,2,2.50871378782252,2,6
train_1322_ls,3,2,1.20476861667074,2,6
train_1323_ls,3,6,-6.22134397169454,2,6
train_1324_ls,2,2,26.934177815368,2,6
train_1325_ls,2,2,35.4162745786837,2,6
train_1326_ls,2,2,22.1566318630873,2,6
train_1327_ls,3,2,35.1391084131102,2,6
train_1328_ls,3,2,30.4110385709034,2,6
train_1329_ls,2,2,9.58061365588948,2,6
train_1330_ls,2,6,-30.6241191390787,2,6
train_1331_ls,2,6,-23.0879603398568,2,6
train_1332_ls,1,6,-32.9491154721889,2,6
train_1333_ls,1,6,-21.9838065295805,2,6
train_1334_ls,1,6,-29.2690765617354,2,6
train_1335_ls,2,6,-30.7966016014253,2,6
train_1336_ls,2,6,-33.293080837082,2,6
train_1337_ls,2,6,-0.727233781475786,2,6
train_1338_ls,2,2,0.919348630759189,2,6
train_1339_ls,1,2,6.1439410546411,2,6
train_1340_ls,1,2,18.1112705538416,2,6
train_1341_ls,1,2,6.1940151182757,2,6
train_1342_ls,2,6,-0.315423786691783,2,6
train_1343_ls,3,5,-40.5929508183183,1,5
train_1344_ls,3,5,-38.9102646485054,1,5
train_1345_ls,2,5,-40.4959912547624,1,5
train_1346_ls,2,5,-43.0523239126918,1,5
train_1347_ls,2,5,-43.4955772150324,1,5
train_1348_ls,3,5,-36.9587136360497,1,5
train_1349_ls,3,5,-41.5595345972755,1,5
train_1350_ls,3,5,-39.8630231386957,1,5
train_1351_ls,3,5,-25.9984985642953,1,5
train_1352_ls,3,5,-25.5641043152003,1,5
train_1353_ls,2,5,-17.934822106198,1,5
train_1354_ls,2,5,-22.8469096035852,1,5
train_1355_ls,3,5,-23.4097215330311,1,5
train_1356_ls,3,4,-18.7763600013437,2,4
train_1357_ls,3,4,-26.5998562672159,2,4
train_1358_ls,3,4,-28.6466616491388,2,4
train_1359_ls,2,5,-40.1631158648739,1,5
train_1360_ls,3,6,-3.92109924774682,2,6
train_1361_ls,-1,5,-61.0749280054496,1,5
train_1362_ls,2,2,9.39943792874436,2,4
train_1363_ls,2,4,-5.22844715177014,2,4
train_1364_ls,2,4,-11.4480488435015,2,4
train_1365_ls,2,2,13.5372075380174,2,4
train_1366_ls,2,2,14.1469680945554,2,4
train_1367_ls,2,4,-0.829554346825877,2,4
train_1368_ls,2,2,32.7997306923115,2,4
train_1369_ls,2,4,-10.2980055789523,2,4
train_1370_ls,2,2,6.2278623517504,2,4
train_1371_ls,2,4,-6.57097348795614,2,4
train_1372_ls,2,4,-17.4532409017079,2,4
train_1373_ls,2,2,1.28452463141299,2,4
train_1374_ls,2,4,-19.5198562555828,2,4
train_1375_ls,3,1,84.5448356034605,1,5
train_1376_ls,3,1,36.1916946871251,1,5
train_1377_ls,3,1,39.2343113566138,1,5
train_1378_ls,3,1,5.56518843925424,1,5
train_1379_ls,3,1,27.9015970602069,1,5
train_1380_ls,3,1,1.07707991405691,1,5
train_1381_ls,2,1,29.243190164342,1,5
train_1382_ls,2,5,-4.2663331856744,1,5
train_1383_ls,2,5,-4.92697126922665,1,5
train_1384_ls,2,5,-8.71562353567575,1,5
train_1385_ls,2,5,-29.8072559830705,1,5
train_1386_ls,2,1,28.2442509301866,1,5
train_1387_ls,2,5,-3.52620841436582,1,5
train_1388_ls,2,1,30.3291312024895,1,5
train_1389_ls,2,5,-9.04895857602988,1,5
train_1390_ls,2,5,-5.13041297819022,1,5
train_1391_ls,2,5,-28.5603140863398,1,5
train_1392_ls,2,5,-26.8794199581215,1,5
train_1393_ls,2,1,5.94418972853225,1,5
train_1394_ls,2,1,43.3963070987083,1,5
train_1395_ls,2,5,-26.6280237868808,1,5
train_1396_ls,3,2,4.28676872188281,2,6
train_1397_ls,3,2,16.8033374342941,2,6
train_1398_ls,3,2,12.4519632863404,2,6
train_1399_ls,3,2,0.0457230385014202,2,6
train_1400_ls,3,6,-0.843884027738465,2,6
train_1401_ls,3,6,-32.4369866045875,2,6
train_1402_ls,3,2,15.5235554567728,2,6
train_1403_ls,3,2,54.5642540989922,2,6
train_1404_ls,3,2,5.52200562180676,2,6
train_1405_ls,3,2,18.0635957725612,2,6
train_1406_ls,3,6,-18.6857516492613,2,6
train_1407_ls,3,2,11.9253851345442,2,6
train_1408_ls,3,6,-25.9171871416614,2,6
train_1409_ls,2,6,-28.6559158449733,2,6
train_1410_ls,2,6,-3.82831306181532,2,6
train_1411_ls,2,6,-37.8354433293254,2,6
train_1412_ls,2,6,-48.8733078038303,2,6
train_1413_ls,2,6,-22.9314049465826,2,6
train_1414_ls,2,6,-50.0596885730829,2,6
train_1415_ls,3,5,-11.600791991172,1,5
train_1416_ls,3,5,-45.3737983488859,1,5
train_1417_ls,3,5,-32.3052267460311,1,5
train_1418_ls,3,5,-39.0088185881933,1,5
train_1419_ls,3,5,-47.8707988567002,1,5
train_1420_ls,3,5,-31.4907346976709,1,5
train_1421_ls,3,5,-38.8281467507493,1,5
train_1422_ls,3,5,-43.2605806901308,1,5
train_1423_ls,2,5,-49.400018109215,1,5
train_1424_ls,2,5,-31.2835493924562,1,5
train_1425_ls,2,5,-48.061698282782,1,5
train_1426_ls,2,5,-13.7281889795618,1,5
train_1427_ls,2,5,-53.7267839711597,1,5
train_1428_ls,2,5,-32.7670337465162,1,5
train_1429_ls,2,5,-50.7535689083176,1,5
train_1430_ls,3,4,-22.9689377312971,2,4
train_1431_ls,3,4,-20.3413813049545,2,4
train_1432_ls,3,4,-25.4366605296692,2,4
train_1433_ls,3,4,-27.8823365354752,2,4
train_1434_ls,3,4,-22.8515647826825,2,4
train_1435_ls,3,4,-27.3160320139096,2,4
train_1436_ls,3,4,-25.2965135677024,2,4
train_1437_ls,3,4,-25.3045603728139,2,4
train_1438_ls,3,4,-26.0138943837295,2,4
train_1439_ls,3,4,-24.9721662198883,2,4
train_1440_ls,2,4,-23.1423510414548,2,4
train_1441_ls,3,4,-22.978610852763,2,4
train_1442_ls,1,4,-20.2180488986118,2,4
train_1443_ls,3,4,-24.8328363380272,2,4
valid_0000_ls,2,4,-5.57402088612266,2,4
valid_0001_ls,2,5,-49.4018504995774,1,5
valid_0002_ls,2,5,-30.031987519994,1,5
valid_0003_ls,2,5,-27.6993902270329,1,5
valid_0004_ls,3,4,-25.6868428468933,2,4
valid_0005_ls,2,5,-25.9636057745491,1,5
valid_0006_ls,2,5,-16.6955770522655,1,5
valid_0007_ls,2,5,-9.7098757131474,1,5
valid_0008_ls,2,5,-12.1301953163352,1,5
valid_0009_ls,2,1,10.2616457347625,1,5
valid_0010_ls,3,6,-20.851802781993,2,6
valid_0011_ls,2,6,-38.8671439545166,2,6
valid_0012_ls,2,6,-38.7665755211954,2,6
valid_0013_ls,2,6,-46.5059792423936,2,6
valid_0014_ls,3,5,-35.4829738782104,1,5
valid_0015_ls,2,4,-5.34145282288526,2,4
valid_0016_ls,2,4,-9.62447568976362,2,4
valid_0017_ls,2,4,-15.1769571878505,2,4
valid_0018_ls,3,1,43.3693188575537,1,5
valid_0019_ls,3,4,-28.1335736333197,2,4
valid_0020_ls,3,4,-26.8966533136054,2,4
valid_0021_ls,3,4,-24.7125836855781,2,4
valid_0022_ls,2,1,5.35205296393852,1,5
valid_0023_ls,2,4,-17.3908709779671,2,4
valid_0024_ls,2,4,-23.2392595884451,2,4
valid_0025_ls,2,4,-16.1163930868908,2,4
valid_0026_ls,2,4,-17.5477192299404,2,4
valid_0027_ls,2,4,-13.0787206273669,2,4
valid_0028_ls,2,2,3.09100392484616,2,4
valid_0029_ls,2,2,2.63167784586175,2,4
valid_0030_ls,2,4,-9.4910758352766,2,4
valid_0031_ls,3,1,7.54397518252352,1,5
valid_0032_ls,3,1,14.317131470138,1,5
valid_0033_ls,3,1,2.53228065928558,1,5
valid_0034_ls,3,1,40.2538069226293,1,5
valid_0035_ls,2,5,-35.4869708626898,1,5
valid_0036_ls,2,5,-32.7747797861504,1,5
valid_0037_ls,2,5,-41.0254256413873,1,5
valid_0038_ls,2,5,-56.5733750897029,1,5
valid_0039_ls,2,5,-41.6815272707204,1,5
valid_0040_ls,2,5,-31.3432740496628,1,5
valid_0041_ls,3,4,-25.1984047833502,2,4
valid_0042_ls,3,4,-22.7579195358066,2,4
valid_0043_ls,2,5,-3.56710910533034,1,5
valid_0044_ls,2,5,-12.1147737060778,1,5
valid_0045_ls,2,5,-12.3797628620522,1,5
valid_0046_ls,2,5,-11.2889586254766,1,5
valid_0047_ls,2,1,9.46140298303142,1,5
valid_0048_ls,2,5,-16.3910342172858,1,5
valid_0049_ls,2,5,-5.38903950179696,1,5
valid_0050_ls,3,2,45.2591519914872,2,6
valid_0051_ls,3,2,30.7050359210689,2,6
valid_0052_ls,3,6,-7.59931486666481,2,6
valid_0053_ls,3,2,11.9612114701641,2,6
valid_0054_ls,3,6,-21.1116580946974,2,6
valid_0055_ls,3,6,-10.3364547159555,2,6
valid_0056_ls,3,6,-20.7903382291343,2,6
valid_0057_ls,3,2,30.3698720667833,2,6
valid_0058_ls,3,2,9.86015758024164,2,6
valid_0059_ls,3,2,15.153600594543,2,6
valid_0060_ls,2,6,-19.2431659932693,2,6
valid_0061_ls,2,6,-15.2979078817757,2,6
valid_0062_ls,2,6,-38.7467984933563,2,6
valid_0063_ls,2,6,-47.2015879896076,2,6
valid_0064_ls,2,6,-36.5716710008492,2,6
valid_0065_ls,2,6,-8.63406148558334,2,6
valid_0066_ls,2,6,-20.8699112621657,2,6
valid_0067_ls,2,6,-40.6599666965223,2,6
valid_0068_ls,3,5,-43.6444112297623,1,5
valid_0069_ls,3,5,-38.3910965678571,1,5
valid_0070_ls,3,5,-37.7176654486923,1,5
valid_0071_ls,3,5,-52.4222235897624,1,5
valid_0072_ls,3,5,-44.0921731249393,1,5
valid_0073_ls,3,5,-33.1353357485792,1,5
valid_0074_ls,2,5,-6.52708353020572,1,5
valid_0075_ls,3,5,-20.0345850832431,1,5
valid_0076_ls,2,4,-3.5537012358599,2,4
valid_0077_ls,2,2,7.65848417829546,2,4
valid_0078_ls,2,4,-4.37552937224113,2,4
valid_0079_ls,2,2,17.4831904227793,2,4
valid_0080_ls,2,2,16.7849612586713,2,4
valid_0081_ls,2,2,15.8586103752531,2,4
valid_0082_ls,2,2,13.8681537126642,2,4
valid_0083_ls,2,4,-1.74602521903792,2,4
valid_0084_ls,3,1,37.551826052628,1,5
valid_0085_ls,3,1,69.9054402424599,1,5
valid_0086_ls,3,1,53.9396579005675,1,5
valid_0087_ls,3,1,51.769766409948,1,5
valid_0088_ls,3,1,57.7398747272828,1,5
valid_0089_ls,3,1,9.25434387016414,1,5
valid_0090_ls,2,5,-22.0658179390493,1,5
valid_0091_ls,2,5,-24.0186354538372,1,5
valid_0092_ls,2,5,-21.038571376013,1,5
valid_0093_ls,2,5,-45.4195055114086,1,5
valid_0094_ls,2,5,-53.8675618312283,1,5
valid_0095_ls,2,5,-55.8563904205118,1,5
valid_0096_ls,2,5,-53.1615906434044,1,5
valid_0097_ls,2,5,-20.5953721022659,1,5
valid_0098_ls,2,5,-23.5654539476302,1,5
valid_0099_ls,2,5,-34.2796790305703,1,5
valid_0100_ls,3,4,-23.7255503769423,2,4
valid_0101_ls,3,4,-22.8644699542506,2,4
valid_0102_ls,3,4,-11.7599413830855,2,4
valid_0103_ls,3,4,-17.4817224271172,2,4
valid_0104_ls,3,4,-25.0633684468343,2,4
valid_0105_ls,3,4,-24.1223019014845,2,4
valid_0106_ls,2,1,23.7814290288782,1,5
valid_0107_ls,2,1,0.5351412716073,1,5
valid_0108_ls,2,5,-15.624655327926,1,5
valid_0109_ls,2,5,-20.8142671105942,1,5
valid_0110_ls,2,5,-19.5173802286898,1,5
valid_0111_ls,2,5,-27.3547256286508,1,5
valid_0112_ls,2,1,41.5493666219067,1,5
valid_0113_ls,2,1,25.3380452823263,1,5
valid_0114_ls,2,1,16.0453964767878,1,5
valid_0115_ls,2,5,-8.12350346247203,1,5
valid_0116_ls,2,5,-0.354663899333034,1,5
valid_0117_ls,2,5,-29.4070970821643,1,5
valid_0118_ls,3,2,11.1289189228918,2,6
valid_0119_ls,3,6,-1.59609111735504,2,6
valid_0120_ls,3,6,-12.4176688267564,2,6
valid_0121_ls,2,6,-46.2754067220042,2,6
valid_0122_ls,2,6,-13.4641616073027,2,6
valid_0123_ls,2,6,-31.5824538666766,2,6
valid_0124_ls,2,6,-41.9074721597152,2,6
valid_0125_ls,2,6,-45.1868560602827,2,6
valid_0126_ls,3,5,-53.710877861153,1,5
valid_0127_ls,3,5,-50.9296200169696,1,5
valid_0128_ls,2,4,-8.61898751582172,2,4
valid_0129_ls,2,4,-12.6396965506886,2,4
valid_0130_ls,2,4,-10.2918607551667,2,4
valid_0131_ls,0,4,-11.1311300154614,2,4
valid_0132_ls,2,4,-9.94603940552628,2,4
valid_0133_ls,2,4,-9.39436978550662,2,4
valid_0134_ls,2,4,-16.7331401458094,2,4
valid_0135_ls,2,4,-13.137401736582,2,4
valid_0136_ls,2,2,1.44698639507596,2,4
valid_0137_ls,2,4,-10.4747757508178,2,4
valid_0138_ls,1,5,-7.36297208300708,1,5
valid_0139_ls,3,1,24.6316962083129,1,5
valid_0140_ls,3,1,19.6253284244721,1,5
valid_0141_ls,1,5,-4.30159557851578,1,5
valid_0142_ls,3,4,-24.9811258002157,2,4
valid_0143_ls,3,4,-25.6370287599102,2,4
valid_0144_ls,3,4,-24.8673773460871,2,4
valid_0145_ls,1,4,-23.7140200159374,2,4
valid_0146_ls,1,4,-15.2276161529725,2,4
valid_0147_ls,3,4,-25.7138681107153,2,4
valid_0148_ls,3,4,-25.5148702357389,2,4
valid_0149_ls,3,4,-26.0344328316161,2,4
valid_0150_ls,1,4,-23.6751331283246,2,4
valid_0151_ls,3,4,-24.1384267614345,2,4
valid_0152_ls,3,4,-24.9529954289899,2,4
valid_0153_ls,1,4,-22.8909163409977,2,4
valid_0154_ls,3,4,-24.5824080374078,2,4
valid_0155_ls,-1,4,-18.3259482591327,2,4
valid_0156_ls,-1,4,-17.0019275538459,2,4
valid_0157_ls,-1,4,-20.8296869636154,2,4
valid_0158_ls,-1,4,-25.0470024349613,2,4
valid_0159_ls,3,4,-27.4470121919148,2,4
valid_0160_ls,3,4,-24.133051828949,2,4
valid_0161_ls,3,4,-27.3842031370368,2,4
valid_0162_ls,2,5,-9.29938518247723,1,5
valid_0163_ls,2,5,-12.3156162080429,1,5
valid_0164_ls,2,5,-6.30136416798506,1,5
valid_0165_ls,2,5,-16.6391838426522,1,5
valid_0166_ls,2,5,-15.9791064387353,1,5
valid_0167_ls,2,5,-9.28986228687421,1,5
valid_0168_ls,2,5,-21.2251560469966,1,5
valid_0169_ls,2,5,-21.2141991668704,1,5
valid_0170_ls,2,5,-19.3191636028791,1,5
valid_0171_ls,2,5,-12.8391562100399,1,5
valid_0172_ls,3,6,-1.84081209382576,2,6
valid_0173_ls,3,6,-3.29924765028322,2,6
valid_0174_ls,3,6,-2.27905862357654,2,6
valid_0175_ls,3,6,-7.05122299174174,2,6
valid_0176_ls,3,2,3.80270477616226,2,6
valid_0177_ls,1,6,-10.3579335494681,2,6
valid_0178_ls,3,6,-20.9642576253244,2,6
valid_0179_ls,3,6,-13.5022357446223,2,6
valid_0180_ls,3,6,-10.6560362547663,2,6
valid_0181_ls,1,6,-13.0990240100223,2,6
valid_0182_ls,3,6,-0.597046963812013,2,6
valid_0183_ls,3,6,-1.91770886171128,2,6
valid_0184_ls,3,6,-0.775942510153874,2,6
valid_0185_ls,2,6,-40.4173491946717,2,6
valid_0186_ls,2,6,-40.5135561861415,2,6
valid_0187_ls,2,6,-29.8845638952954,2,6
valid_0188_ls,2,6,-40.9858099643027,2,6
valid_0189_ls,2,6,-41.5904274532933,2,6
valid_0190_ls,2,6,-40.3410909175582,2,6
valid_0191_ls,2,6,-36.335897744788,2,6
valid_0192_ls,2,6,-37.0329397863862,2,6
valid_0193_ls,2,6,-31.0256859202188,2,6
valid_0194_ls,2,6,-35.0475046428465,2,6
valid_0195_ls,2,6,-29.6610704348112,2,6
valid_0196_ls,2,6,-33.8030143627489,2,6
valid_0197_ls,2,6,-45.66293337917,2,6
valid_0198_ls,2,6,-34.1570405869353,2,6
valid_0199_ls,2,6,-45.5537223206576,2,6
valid_0200_ls,2,5,-7.41533203824866,1,5
valid_0201_ls,2,1,2.60572512093333,1,5
valid_0202_ls,3,6,-8.44699664437751,2,6
valid_0203_ls,3,6,-0.104356457072822,2,6
valid_0204_ls,3,2,5.90465048223492,2,6
valid_0205_ls,0,4,-2.52838219375044,2,4
valid_0206_ls,2,4,-15.0092071507998,2,4
valid_0207_ls,2,2,2.92795531462243,2,4
valid_0208_ls,3,1,24.7601738785342,1,5
valid_0209_ls,1,4,-4.87009889328147,2,4
valid_0210_ls,2,4,-10.7125913619665,2,4
valid_0211_ls,2,4,-4.17627704201039,2,4
valid_0212_ls,1,5,-44.4223524203496,1,5
valid_0213_ls,1,5,-39.5982666632133,1,5
valid_0214_ls,1,5,-44.909514003866,1,5
valid_0215_ls,2,4,-23.1897270653239,2,4
valid_0216_ls,2,4,-21.5996944263724,2,4
valid_0217_ls,3,4,-24.2869352871037,2,4
valid_0218_ls,-1,4,-22.6992141419606,2,4
valid_0219_ls,1,5,-19.729054046222,1,5
valid_0220_ls,2,5,-11.0580174433176,1,5
valid_0221_ls,2,1,23.081680225111,1,5
valid_0222_ls,2,6,-0.020473124099229,2,6
valid_0223_ls,2,6,-4.26608971200514,2,6
valid_0224_ls,3,2,3.48938101282503,2,6
valid_0225_ls,3,2,0.245019859225534,2,6
valid_0226_ls,1,2,36.1173122241266,2,6
valid_0227_ls,1,6,-10.4419293949275,2,6
valid_0228_ls,2,6,-36.4295200247461,2,6
valid_0229_ls,1,6,-36.9763257562699,2,6
valid_0230_ls,2,5,-48.2446921561676,1,5
valid_0231_ls,1,4,-4.62069920621435,2,4
valid_0232_ls,2,4,-1.46918623691109,2,4
valid_0233_ls,2,1,26.2061281460135,1,5
valid_0234_ls,1,5,-32.3767382903417,1,5
valid_0235_ls,2,1,8.7948230750374,1,5
valid_0236_ls,1,5,-6.69725035698259,1,5
valid_0237_ls,3,2,8.51604057059004,2,6
valid_0238_ls,1,6,-29.4525738860838,2,6
valid_0239_ls,1,6,-30.7272374572188,2,6
valid_0240_ls,2,6,-40.8182350653201,2,6
valid_0241_ls,1,6,-33.7669148722759,2,6
valid_0242_ls,1,6,-36.733476263995,2,6
valid_0243_ls,1,6,-33.4969584768898,2,6
valid_0244_ls,2,5,-40.0407477524006,1,5
valid_0245_ls,2,5,-42.8681401556697,1,5
valid_0246_ls,2,5,-47.7244772015345,1,5
valid_0247_ls,1,4,-5.88823502283864,2,4
valid_0248_ls,2,4,-3.74212087003163,2,4
valid_0249_ls,2,1,3.19625822262431,1,5
valid_0250_ls,3,1,27.6593943420124,1,5
valid_0251_ls,2,1,40.0927886818751,1,5
valid_0252_ls,1,5,-36.2930297488172,1,5
valid_0253_ls,2,4,-19.7882263698092,2,4
valid_0254_ls,1,1,1.50795866682202,1,5
valid_0255_ls,1,2,4.84921763708475,2,6
valid_0256_ls,2,2,3.94786139726052,2,6
valid_0257_ls,2,6,-39.2468777985689,2,6
valid_0258_ls,2,6,-42.4312156001868,2,6
valid_0259_ls,0,6,-26.9077345661352,2,6
valid_0260_ls,3,5,-42.1103041804726,1,5
valid_0261_ls,3,5,-42.9606179839531,1,5
valid_0262_ls,1,5,-44.768621309708,1,5
valid_0263_ls,2,4,-11.456801973041,2,4
valid_0264_ls,1,4,-6.22700517388528,2,4
valid_0265_ls,2,4,-5.93115874150371,2,4
valid_0266_ls,2,1,12.4341834328851,1,5
valid_0267_ls,2,5,-16.7457299311411,1,5
valid_0268_ls,2,1,0.463315093978036,1,5
valid_0269_ls,2,5,-21.636152475862,1,5
valid_0270_ls,1,5,-11.8606577205948,1,5
valid_0271_ls,3,6,-6.39494409107357,2,6
valid_0272_ls,3,2,7.86239576624927,2,6
valid_0273_ls,2,2,5.88333505235891,2,6
valid_0274_ls,2,6,-1.95888007210261,2,6
valid_0275_ls,2,6,-30.1134927173734,2,6
valid_0276_ls,3,5,-37.9406651218716,1,5
valid_0277_ls,2,4,-1.25544132436174,2,4
valid_0278_ls,3,2,13.0389911827907,2,6
valid_0279_ls,2,6,-16.133867719784,2,6
valid_0280_ls,2,6,-21.2185720293306,2,6
valid_0281_ls,3,5,-50.6734595428466,1,5
valid_0282_ls,1,5,-52.0361038954521,1,5
valid_0283_ls,2,5,-45.2122838108154,1,5
valid_0284_ls,2,5,-40.8542332130861,1,5
valid_0285_ls,2,5,-49.4188132728556,1,5
valid_0286_ls,3,2,23.4772761908358,2,6
valid_0287_ls,0,6,-31.1150942859119,2,6
valid_0288_ls,2,6,-12.9675666740368,2,6
valid_0289_ls,2,6,-27.3207227100528,2,6
valid_0290_ls,0,4,-10.6519142706658,2,4
valid_0291_ls,3,1,31.1234584223332,1,5
valid_0292_ls,1,1,38.2512668120704,1,5
valid_0293_ls,1,1,74.7887035315426,1,5
valid_0294_ls,2,5,-23.9002154427588,1,5
valid_0295_ls,1,4,-14.9623992111138,2,4
valid_0296_ls,2,1,7.12503906476476,1,5
valid_0297_ls,3,2,7.8645621173529,2,6
valid_0298_ls,1,2,21.0067408952105,2,6
valid_0299_ls,3,2,21.6546648210273,2,6
valid_0300_ls,2,6,-16.2958080856605,2,6
valid_0301_ls,3,5,-32.4726274484139,1,5
valid_0302_ls,1,5,-18.9733927677878,1,5
valid_0303_ls,2,4,-8.10049080749351,2,4
valid_0304_ls,2,4,-18.5966645058806,2,4
valid_0305_ls,2,1,25.3506799973178,1,5
valid_0306_ls,1,5,-60.3522790591184,1,5
valid_0307_ls,3,4,-26.591768862257,2,4
valid_0308_ls,2,5,-9.78700917765727,1,5
valid_0309_ls,1,1,12.271951902553,1,5
valid_0310_ls,2,5,-24.2814734446191,1,5
valid_0311_ls,2,6,-34.302724441468,2,6
valid_0312_ls,2,6,-41.2790098754297,2,6
valid_0313_ls,3,5,-42.3295662190345,1,5
valid_0314_ls,3,5,-47.802040698319,1,5
valid_0315_ls,2,2,1.89232321707557,2,4
valid_0316_ls,1,2,6.29086329893655,2,4
valid_0317_ls,2,4,-0.558294676984723,2,4
valid_0318_ls,3,1,38.4526284525693,1,5
valid_0319_ls,2,1,30.0147689108982,1,5
valid_0320_ls,-2,4,-23.9004294862881,2,4
valid_0321_ls,-2,4,-23.7409369092489,2,4
valid_0322_ls,3,4,-27.1496697141519,2,4
valid_0323_ls,2,1,4.13107891519722,1,5
valid_0324_ls,3,2,12.641821674228,2,6
valid_0325_ls,3,2,7.62591781708203,2,6
valid_0326_ls,2,6,-42.4739316134151,2,6
valid_0327_ls,2,6,-29.9825921702345,2,6
valid_0328_ls,2,2,16.5203394468246,2,4
valid_0329_ls,2,1,10.0502148261756,1,5
valid_0330_ls,3,1,22.6908026285757,1,5
valid_0331_ls,3,1,65.9917406492139,1,5
valid_0332_ls,3,4,-22.6419829561689,2,4
valid_0333_ls,2,4,-22.3922494968753,2,4
valid_0334_ls,1,1,4.94377791821514,1,5
valid_0335_ls,2,1,1.34967385732142,1,5
valid_0336_ls,2,1,37.8153421300675,1,5
valid_0337_ls,3,6,-0.553779620783476,2,6
valid_0338_ls,3,2,32.5845131406076,2,6
valid_0339_ls,3,2,31.2519505881127,2,6
valid_0340_ls,2,6,-25.5423389608672,2,6
valid_0341_ls,2,6,-34.5626386145236,2,6
valid_0342_ls,2,2,4.08292490487752,2,6
valid_0343_ls,2,5,-4.99263599413808,1,5
valid_0344_ls,3,1,56.2833066391028,1,5
valid_0345_ls,3,1,26.8311691231009,1,5
valid_0346_ls,2,1,75.8531826160466,1,5
valid_0347_ls,2,1,14.7368960261176,1,5
valid_0348_ls,2,5,-8.50752281974769,1,5
valid_0349_ls,0,1,4.42954300327477,1,5
valid_0350_ls,3,6,-3.60999667930404,2,6
valid_0351_ls,3,2,6.6589441038237,2,6
valid_0352_ls,3,2,41.4224109130908,2,6
valid_0353_ls,2,6,-36.3066315812982,2,6
valid_0354_ls,2,6,-13.931512653929,2,6
valid_0355_ls,2,6,-6.57439090457956,2,6
valid_0356_ls,2,6,-34.1498794489312,2,6
valid_0357_ls,3,5,-30.7850192197503,1,5
valid_0358_ls,3,5,-45.4387957802457,1,5
valid_0359_ls,2,5,-22.7876892755315,1,5
valid_0360_ls,3,4,-24.1043675552041,2,4
valid_0361_ls,3,4,-24.2477110503699,2,4
